date,store_id,product_id,units_sold,revenue
2026-06-15,S01,P01,14,630.0
2026-06-16,S01,P01,14,630.0
2026-06-17,S01,P01,16,720.0
2026-06-18,S01,P01,15,675.0
2026-06-19,S01,P01,15,675.0
2026-06-20,S01,P01,15,675.0
2026-06-21,S01,P01,14,630.0
2026-06-22,S01,P01,18,810.0
2026-06-23,S01,P01,14,630.0
2026-06-24,S01,P01,18,810.0
2026-06-25,S01,P01,17,765.0
2026-06-26,S01,P01,14,630.0
2026-06-27,S01,P01,14,630.0
2026-06-28,S01,P01,14,630.0
2026-06-29,S01,P01,15,675.0
2026-06-30,S01,P01,15,675.0
2026-07-01,S01,P01,18,810.0
2026-07-02,S01,P01,18,810.0
2026-07-03,S01,P01,14,630.0
2026-07-04,S01,P01,18,810.0
2026-07-05,S01,P01,15,675.0
2026-07-06,S01,P01,18,810.0
2026-07-07,S01,P01,17,765.0
2026-07-08,S01,P01,15,675.0
2026-07-09,S01,P01,17,765.0
2026-07-10,S01,P01,18,810.0
2026-07-11,S01,P01,16,720.0
2026-07-12,S01,P01,14,630.0
2026-07-13,S01,P01,15,675.0
2026-07-14,S01,P01,17,765.0
2026-07-15,S01,P01,16,720.0
2026-07-16,S01,P01,16,720.0
2026-07-17,S01,P01,15,675.0
2026-07-18,S01,P01,15,675.0
2026-07-19,S01,P01,16,720.0
2026-07-20,S01,P01,14,630.0
2026-07-21,S01,P01,14,630.0
2026-07-22,S01,P01,17,765.0
2026-07-23,S01,P01,14,630.0
2026-07-24,S01,P01,16,720.0
2026-07-25,S01,P01,16,720.0
2026-07-26,S01,P01,18,810.0
2026-07-27,S01,P01,16,720.0
2026-07-28,S01,P01,14,630.0
2026-07-29,S01,P01,17,765.0
2026-07-30,S01,P01,18,810.0
2026-07-31,S01,P01,14,630.0
2026-08-01,S01,P01,17,765.0
2026-08-02,S01,P01,14,630.0
2026-08-03,S01,P01,18,810.0
2026-08-04,S01,P01,16,720.0
2026-08-05,S01,P01,18,810.0
2026-08-06,S01,P01,16,720.0
2026-08-07,S01,P01,18,810.0
2026-08-08,S01,P01,16,720.0
2026-08-09,S01,P01,16,720.0
2026-08-10,S01,P01,16,720.0
2026-08-11,S01,P01,16,720.0
2026-08-12,S01,P01,16,720.0
2026-08-13,S01,P01,16,720.0
2026-08-14,S01,P01,16,720.0
2026-08-15,S01,P01,16,720.0
2026-08-16,S01,P01,16,720.0
2026-08-17,S01,P01,16,720.0
2026-08-18,S01,P01,16,720.0
2026-08-19,S01,P01,16,720.0
2026-08-20,S01,P01,16,720.0
2026-08-21,S01,P01,16,720.0
2026-08-22,S01,P01,18,810.0
2026-08-23,S01,P01,18,810.0
2026-08-24,S01,P01,18,810.0
2026-08-25,S01,P01,18,810.0
2026-08-26,S01,P01,18,810.0
2026-08-27,S01,P01,18,810.0
2026-08-28,S01,P01,18,810.0
2026-06-15,S01,P02,10,850.0
2026-06-16,S01,P02,10,850.0
2026-06-17,S01,P02,11,935.0
2026-06-18,S01,P02,12,1020.0
2026-06-19,S01,P02,10,850.0
2026-06-20,S01,P02,11,935.0
2026-06-21,S01,P02,10,850.0
2026-06-22,S01,P02,13,1105.0
2026-06-23,S01,P02,12,1020.0
2026-06-24,S01,P02,13,1105.0
2026-06-25,S01,P02,12,1020.0
2026-06-26,S01,P02,11,935.0
2026-06-27,S01,P02,12,1020.0
2026-06-28,S01,P02,12,1020.0
2026-06-29,S01,P02,11,935.0
2026-06-30,S01,P02,12,1020.0
2026-07-01,S01,P02,10,850.0
2026-07-02,S01,P02,11,935.0
2026-07-03,S01,P02,11,935.0
2026-07-04,S01,P02,11,935.0
2026-07-05,S01,P02,13,1105.0
2026-07-06,S01,P02,13,1105.0
2026-07-07,S01,P02,12,1020.0
2026-07-08,S01,P02,11,935.0
2026-07-09,S01,P02,12,1020.0
2026-07-10,S01,P02,10,850.0
2026-07-11,S01,P02,11,935.0
2026-07-12,S01,P02,10,850.0
2026-07-13,S01,P02,12,1020.0
2026-07-14,S01,P02,13,1105.0
2026-07-15,S01,P02,12,1020.0
2026-07-16,S01,P02,10,850.0
2026-07-17,S01,P02,11,935.0
2026-07-18,S01,P02,12,1020.0
2026-07-19,S01,P02,11,935.0
2026-07-20,S01,P02,13,1105.0
2026-07-21,S01,P02,13,1105.0
2026-07-22,S01,P02,13,1105.0
2026-07-23,S01,P02,11,935.0
2026-07-24,S01,P02,12,1020.0
2026-07-25,S01,P02,11,935.0
2026-07-26,S01,P02,11,935.0
2026-07-27,S01,P02,12,1020.0
2026-07-28,S01,P02,13,1105.0
2026-07-29,S01,P02,13,1105.0
2026-07-30,S01,P02,12,1020.0
2026-07-31,S01,P02,11,935.0
2026-08-01,S01,P02,11,935.0
2026-08-02,S01,P02,13,1105.0
2026-08-03,S01,P02,10,850.0
2026-08-04,S01,P02,10,850.0
2026-08-05,S01,P02,10,850.0
2026-08-06,S01,P02,11,935.0
2026-08-07,S01,P02,11,935.0
2026-08-08,S01,P02,12,1020.0
2026-08-09,S01,P02,12,1020.0
2026-08-10,S01,P02,12,1020.0
2026-08-11,S01,P02,12,1020.0
2026-08-12,S01,P02,12,1020.0
2026-08-13,S01,P02,12,1020.0
2026-08-14,S01,P02,12,1020.0
2026-08-15,S01,P02,12,1020.0
2026-08-16,S01,P02,12,1020.0
2026-08-17,S01,P02,12,1020.0
2026-08-18,S01,P02,12,1020.0
2026-08-19,S01,P02,12,1020.0
2026-08-20,S01,P02,12,1020.0
2026-08-21,S01,P02,12,1020.0
2026-08-22,S01,P02,11,935.0
2026-08-23,S01,P02,11,935.0
2026-08-24,S01,P02,11,935.0
2026-08-25,S01,P02,11,935.0
2026-08-26,S01,P02,11,935.0
2026-08-27,S01,P02,11,935.0
2026-08-28,S01,P02,11,935.0
2026-06-15,S01,P03,10,1200.0
2026-06-16,S01,P03,8,960.0
2026-06-17,S01,P03,10,1200.0
2026-06-18,S01,P03,9,1080.0
2026-06-19,S01,P03,8,960.0
2026-06-20,S01,P03,12,1440.0
2026-06-21,S01,P03,15,1800.0
2026-06-22,S01,P03,10,1200.0
2026-06-23,S01,P03,7,840.0
2026-06-24,S01,P03,11,1320.0
2026-06-25,S01,P03,10,1200.0
2026-06-26,S01,P03,10,1200.0
2026-06-27,S01,P03,11,1320.0
2026-06-28,S01,P03,10,1200.0
2026-06-29,S01,P03,7,840.0
2026-06-30,S01,P03,6,720.0
2026-07-01,S01,P03,10,1200.0
2026-07-02,S01,P03,10,1200.0
2026-07-03,S01,P03,12,1440.0
2026-07-04,S01,P03,14,1680.0
2026-07-05,S01,P03,12,1440.0
2026-07-06,S01,P03,7,840.0
2026-07-07,S01,P03,10,1200.0
2026-07-08,S01,P03,11,1320.0
2026-07-09,S01,P03,9,1080.0
2026-07-10,S01,P03,7,840.0
2026-07-11,S01,P03,11,1320.0
2026-07-12,S01,P03,9,1080.0
2026-07-13,S01,P03,11,1320.0
2026-07-14,S01,P03,11,1320.0
2026-07-15,S01,P03,11,1320.0
2026-07-16,S01,P03,10,1200.0
2026-07-17,S01,P03,9,1080.0
2026-07-18,S01,P03,9,1080.0
2026-07-19,S01,P03,11,1320.0
2026-07-20,S01,P03,12,1440.0
2026-07-21,S01,P03,11,1320.0
2026-07-22,S01,P03,8,960.0
2026-07-23,S01,P03,8,960.0
2026-07-24,S01,P03,9,1080.0
2026-07-25,S01,P03,9,1080.0
2026-07-26,S01,P03,13,1560.0
2026-07-27,S01,P03,11,1320.0
2026-07-28,S01,P03,12,1440.0
2026-07-29,S01,P03,9,1080.0
2026-07-30,S01,P03,7,840.0
2026-07-31,S01,P03,10,1200.0
2026-08-01,S01,P03,15,1800.0
2026-08-02,S01,P03,9,1080.0
2026-08-03,S01,P03,9,1080.0
2026-08-04,S01,P03,10,1200.0
2026-08-05,S01,P03,12,1440.0
2026-08-06,S01,P03,11,1320.0
2026-08-07,S01,P03,10,1200.0
2026-08-08,S01,P03,13,1560.0
2026-08-09,S01,P03,13,1560.0
2026-08-10,S01,P03,8,960.0
2026-08-11,S01,P03,10,1200.0
2026-08-12,S01,P03,8,960.0
2026-08-13,S01,P03,11,1320.0
2026-08-14,S01,P03,9,1080.0
2026-08-15,S01,P03,10,1200.0
2026-08-16,S01,P03,9,1080.0
2026-08-17,S01,P03,6,720.0
2026-08-18,S01,P03,9,1080.0
2026-08-19,S01,P03,9,1080.0
2026-08-20,S01,P03,6,720.0
2026-08-21,S01,P03,10,1200.0
2026-08-22,S01,P03,9,1080.0
2026-08-23,S01,P03,9,1080.0
2026-08-24,S01,P03,6,720.0
2026-08-25,S01,P03,8,960.0
2026-08-26,S01,P03,9,1080.0
2026-08-27,S01,P03,8,960.0
2026-08-28,S01,P03,9,1080.0
2026-06-15,S01,P04,6,960.0
2026-06-16,S01,P04,7,1120.0
2026-06-17,S01,P04,7,1120.0
2026-06-18,S01,P04,5,800.0
2026-06-19,S01,P04,8,1280.0
2026-06-20,S01,P04,8,1280.0
2026-06-21,S01,P04,9,1440.0
2026-06-22,S01,P04,9,1440.0
2026-06-23,S01,P04,5,800.0
2026-06-24,S01,P04,8,1280.0
2026-06-25,S01,P04,8,1280.0
2026-06-26,S01,P04,5,800.0
2026-06-27,S01,P04,10,1600.0
2026-06-28,S01,P04,11,1760.0
2026-06-29,S01,P04,5,800.0
2026-06-30,S01,P04,6,960.0
2026-07-01,S01,P04,7,1120.0
2026-07-02,S01,P04,5,800.0
2026-07-03,S01,P04,6,960.0
2026-07-04,S01,P04,9,1440.0
2026-07-05,S01,P04,11,1760.0
2026-07-06,S01,P04,5,800.0
2026-07-07,S01,P04,8,1280.0
2026-07-08,S01,P04,8,1280.0
2026-07-09,S01,P04,5,800.0
2026-07-10,S01,P04,8,1280.0
2026-07-11,S01,P04,9,1440.0
2026-07-12,S01,P04,6,960.0
2026-07-13,S01,P04,5,800.0
2026-07-14,S01,P04,8,1280.0
2026-07-15,S01,P04,6,960.0
2026-07-16,S01,P04,7,1120.0
2026-07-17,S01,P04,7,1120.0
2026-07-18,S01,P04,11,1760.0
2026-07-19,S01,P04,11,1760.0
2026-07-20,S01,P04,6,960.0
2026-07-21,S01,P04,5,800.0
2026-07-22,S01,P04,7,1120.0
2026-07-23,S01,P04,9,1440.0
2026-07-24,S01,P04,8,1280.0
2026-07-25,S01,P04,8,1280.0
2026-07-26,S01,P04,10,1600.0
2026-07-27,S01,P04,8,1280.0
2026-07-28,S01,P04,8,1280.0
2026-07-29,S01,P04,8,1280.0
2026-07-30,S01,P04,7,1120.0
2026-07-31,S01,P04,6,960.0
2026-08-01,S01,P04,8,1280.0
2026-08-02,S01,P04,7,1120.0
2026-08-03,S01,P04,8,1280.0
2026-08-04,S01,P04,5,800.0
2026-08-05,S01,P04,6,960.0
2026-08-06,S01,P04,5,800.0
2026-08-07,S01,P04,7,1120.0
2026-08-08,S01,P04,11,1760.0
2026-08-09,S01,P04,9,1440.0
2026-08-10,S01,P04,5,800.0
2026-08-11,S01,P04,7,1120.0
2026-08-12,S01,P04,8,1280.0
2026-08-13,S01,P04,5,800.0
2026-08-14,S01,P04,5,800.0
2026-08-15,S01,P04,11,1760.0
2026-08-16,S01,P04,9,1440.0
2026-08-17,S01,P04,9,1440.0
2026-08-18,S01,P04,7,1120.0
2026-08-19,S01,P04,7,1120.0
2026-08-20,S01,P04,5,800.0
2026-08-21,S01,P04,5,800.0
2026-08-22,S01,P04,10,1600.0
2026-08-23,S01,P04,9,1440.0
2026-08-24,S01,P04,6,960.0
2026-08-25,S01,P04,6,960.0
2026-08-26,S01,P04,8,1280.0
2026-08-27,S01,P04,6,960.0
2026-08-28,S01,P04,6,960.0
2026-06-15,S01,P05,12,1320.0
2026-06-16,S01,P05,15,1650.0
2026-06-17,S01,P05,15,1650.0
2026-06-18,S01,P05,8,880.0
2026-06-19,S01,P05,13,1430.0
2026-06-20,S01,P05,16,1760.0
2026-06-21,S01,P05,12,1320.0
2026-06-22,S01,P05,12,1320.0
2026-06-23,S01,P05,12,1320.0
2026-06-24,S01,P05,9,990.0
2026-06-25,S01,P05,11,1210.0
2026-06-26,S01,P05,9,990.0
2026-06-27,S01,P05,13,1430.0
2026-06-28,S01,P05,14,1540.0
2026-06-29,S01,P05,12,1320.0
2026-06-30,S01,P05,12,1320.0
2026-07-01,S01,P05,11,1210.0
2026-07-02,S01,P05,15,1650.0
2026-07-03,S01,P05,14,1540.0
2026-07-04,S01,P05,16,1760.0
2026-07-05,S01,P05,17,1870.0
2026-07-06,S01,P05,12,1320.0
2026-07-07,S01,P05,15,1650.0
2026-07-08,S01,P05,9,990.0
2026-07-09,S01,P05,15,1650.0
2026-07-10,S01,P05,10,1100.0
2026-07-11,S01,P05,19,2090.0
2026-07-12,S01,P05,18,1980.0
2026-07-13,S01,P05,10,1100.0
2026-07-14,S01,P05,10,1100.0
2026-07-15,S01,P05,10,1100.0
2026-07-16,S01,P05,11,1210.0
2026-07-17,S01,P05,13,1430.0
2026-07-18,S01,P05,19,2090.0
2026-07-19,S01,P05,16,1760.0
2026-07-20,S01,P05,10,1100.0
2026-07-21,S01,P05,15,1650.0
2026-07-22,S01,P05,9,990.0
2026-07-23,S01,P05,13,1430.0
2026-07-24,S01,P05,14,1540.0
2026-07-25,S01,P05,11,1210.0
2026-07-26,S01,P05,14,1540.0
2026-07-27,S01,P05,9,990.0
2026-07-28,S01,P05,15,1650.0
2026-07-29,S01,P05,10,1100.0
2026-07-30,S01,P05,12,1320.0
2026-07-31,S01,P05,13,1430.0
2026-08-01,S01,P05,16,1760.0
2026-08-02,S01,P05,12,1320.0
2026-08-03,S01,P05,15,1650.0
2026-08-04,S01,P05,13,1430.0
2026-08-05,S01,P05,9,990.0
2026-08-06,S01,P05,9,990.0
2026-08-07,S01,P05,11,1210.0
2026-08-08,S01,P05,16,1760.0
2026-08-09,S01,P05,15,1650.0
2026-08-10,S01,P05,9,990.0
2026-08-11,S01,P05,11,1210.0
2026-08-12,S01,P05,15,1650.0
2026-08-13,S01,P05,15,1650.0
2026-08-14,S01,P05,9,990.0
2026-08-15,S01,P05,14,1540.0
2026-08-16,S01,P05,17,1870.0
2026-08-17,S01,P05,13,1430.0
2026-08-18,S01,P05,11,1210.0
2026-08-19,S01,P05,12,1320.0
2026-08-20,S01,P05,15,1650.0
2026-08-21,S01,P05,15,1650.0
2026-08-22,S01,P05,18,1980.0
2026-08-23,S01,P05,20,2200.0
2026-08-24,S01,P05,10,1100.0
2026-08-25,S01,P05,10,1100.0
2026-08-26,S01,P05,14,1540.0
2026-08-27,S01,P05,10,1100.0
2026-08-28,S01,P05,11,1210.0
2026-06-15,S01,P06,21,3150.0
2026-06-16,S01,P06,19,2850.0
2026-06-17,S01,P06,20,3000.0
2026-06-18,S01,P06,19,2850.0
2026-06-19,S01,P06,18,2700.0
2026-06-20,S01,P06,21,3150.0
2026-06-21,S01,P06,18,2700.0
2026-06-22,S01,P06,21,3150.0
2026-06-23,S01,P06,19,2850.0
2026-06-24,S01,P06,19,2850.0
2026-06-25,S01,P06,21,3150.0
2026-06-26,S01,P06,20,3000.0
2026-06-27,S01,P06,20,3000.0
2026-06-28,S01,P06,19,2850.0
2026-06-29,S01,P06,19,2850.0
2026-06-30,S01,P06,18,2700.0
2026-07-01,S01,P06,19,2850.0
2026-07-02,S01,P06,21,3150.0
2026-07-03,S01,P06,20,3000.0
2026-07-04,S01,P06,20,3000.0
2026-07-05,S01,P06,18,2700.0
2026-07-06,S01,P06,20,3000.0
2026-07-07,S01,P06,20,3000.0
2026-07-08,S01,P06,21,3150.0
2026-07-09,S01,P06,20,3000.0
2026-07-10,S01,P06,18,2700.0
2026-07-11,S01,P06,18,2700.0
2026-07-12,S01,P06,20,3000.0
2026-07-13,S01,P06,19,2850.0
2026-07-14,S01,P06,20,3000.0
2026-07-15,S01,P06,18,2700.0
2026-07-16,S01,P06,18,2700.0
2026-07-17,S01,P06,21,3150.0
2026-07-18,S01,P06,20,3000.0
2026-07-19,S01,P06,20,3000.0
2026-07-20,S01,P06,21,3150.0
2026-07-21,S01,P06,18,2700.0
2026-07-22,S01,P06,21,3150.0
2026-07-23,S01,P06,19,2850.0
2026-07-24,S01,P06,20,3000.0
2026-07-25,S01,P06,18,2700.0
2026-07-26,S01,P06,21,3150.0
2026-07-27,S01,P06,18,2700.0
2026-07-28,S01,P06,19,2850.0
2026-07-29,S01,P06,20,3000.0
2026-07-30,S01,P06,21,3150.0
2026-07-31,S01,P06,18,2700.0
2026-08-01,S01,P06,20,3000.0
2026-08-02,S01,P06,20,3000.0
2026-08-03,S01,P06,18,2700.0
2026-08-04,S01,P06,20,3000.0
2026-08-05,S01,P06,20,3000.0
2026-08-06,S01,P06,21,3150.0
2026-08-07,S01,P06,20,3000.0
2026-08-08,S01,P06,20,3000.0
2026-08-09,S01,P06,20,3000.0
2026-08-10,S01,P06,20,3000.0
2026-08-11,S01,P06,20,3000.0
2026-08-12,S01,P06,20,3000.0
2026-08-13,S01,P06,20,3000.0
2026-08-14,S01,P06,20,3000.0
2026-08-15,S01,P06,20,3000.0
2026-08-16,S01,P06,20,3000.0
2026-08-17,S01,P06,20,3000.0
2026-08-18,S01,P06,20,3000.0
2026-08-19,S01,P06,20,3000.0
2026-08-20,S01,P06,20,3000.0
2026-08-21,S01,P06,20,3000.0
2026-08-22,S01,P06,5,750.0
2026-08-23,S01,P06,5,750.0
2026-08-24,S01,P06,5,750.0
2026-08-25,S01,P06,5,750.0
2026-08-26,S01,P06,5,750.0
2026-08-27,S01,P06,5,750.0
2026-08-28,S01,P06,5,750.0
2026-06-15,S01,P07,7,1680.0
2026-06-16,S01,P07,6,1440.0
2026-06-17,S01,P07,5,1200.0
2026-06-18,S01,P07,7,1680.0
2026-06-19,S01,P07,6,1440.0
2026-06-20,S01,P07,9,2160.0
2026-06-21,S01,P07,6,1440.0
2026-06-22,S01,P07,6,1440.0
2026-06-23,S01,P07,6,1440.0
2026-06-24,S01,P07,7,1680.0
2026-06-25,S01,P07,5,1200.0
2026-06-26,S01,P07,5,1200.0
2026-06-27,S01,P07,9,2160.0
2026-06-28,S01,P07,8,1920.0
2026-06-29,S01,P07,5,1200.0
2026-06-30,S01,P07,6,1440.0
2026-07-01,S01,P07,7,1680.0
2026-07-02,S01,P07,6,1440.0
2026-07-03,S01,P07,7,1680.0
2026-07-04,S01,P07,10,2400.0
2026-07-05,S01,P07,9,2160.0
2026-07-06,S01,P07,7,1680.0
2026-07-07,S01,P07,5,1200.0
2026-07-08,S01,P07,7,1680.0
2026-07-09,S01,P07,6,1440.0
2026-07-10,S01,P07,5,1200.0
2026-07-11,S01,P07,10,2400.0
2026-07-12,S01,P07,7,1680.0
2026-07-13,S01,P07,5,1200.0
2026-07-14,S01,P07,7,1680.0
2026-07-15,S01,P07,5,1200.0
2026-07-16,S01,P07,4,960.0
2026-07-17,S01,P07,8,1920.0
2026-07-18,S01,P07,8,1920.0
2026-07-19,S01,P07,9,2160.0
2026-07-20,S01,P07,6,1440.0
2026-07-21,S01,P07,7,1680.0
2026-07-22,S01,P07,6,1440.0
2026-07-23,S01,P07,7,1680.0
2026-07-24,S01,P07,6,1440.0
2026-07-25,S01,P07,7,1680.0
2026-07-26,S01,P07,6,1440.0
2026-07-27,S01,P07,7,1680.0
2026-07-28,S01,P07,7,1680.0
2026-07-29,S01,P07,7,1680.0
2026-07-30,S01,P07,7,1680.0
2026-07-31,S01,P07,7,1680.0
2026-08-01,S01,P07,6,1440.0
2026-08-02,S01,P07,9,2160.0
2026-08-03,S01,P07,7,1680.0
2026-08-04,S01,P07,6,1440.0
2026-08-05,S01,P07,6,1440.0
2026-08-06,S01,P07,8,1920.0
2026-08-07,S01,P07,5,1200.0
2026-08-08,S01,P07,6,1440.0
2026-08-09,S01,P07,8,1920.0
2026-08-10,S01,P07,6,1440.0
2026-08-11,S01,P07,6,1440.0
2026-08-12,S01,P07,5,1200.0
2026-08-13,S01,P07,7,1680.0
2026-08-14,S01,P07,6,1440.0
2026-08-15,S01,P07,9,2160.0
2026-08-16,S01,P07,10,2400.0
2026-08-17,S01,P07,6,1440.0
2026-08-18,S01,P07,7,1680.0
2026-08-19,S01,P07,6,1440.0
2026-08-20,S01,P07,5,1200.0
2026-08-21,S01,P07,7,1680.0
2026-08-22,S01,P07,8,1920.0
2026-08-23,S01,P07,9,2160.0
2026-08-24,S01,P07,7,1680.0
2026-08-25,S01,P07,5,1200.0
2026-08-26,S01,P07,7,1680.0
2026-08-27,S01,P07,6,1440.0
2026-08-28,S01,P07,5,1200.0
2026-06-15,S01,P08,15,900.0
2026-06-16,S01,P08,16,960.0
2026-06-17,S01,P08,22,1320.0
2026-06-18,S01,P08,13,780.0
2026-06-19,S01,P08,14,840.0
2026-06-20,S01,P08,22,1320.0
2026-06-21,S01,P08,19,1140.0
2026-06-22,S01,P08,15,900.0
2026-06-23,S01,P08,17,1020.0
2026-06-24,S01,P08,16,960.0
2026-06-25,S01,P08,18,1080.0
2026-06-26,S01,P08,13,780.0
2026-06-27,S01,P08,28,1680.0
2026-06-28,S01,P08,22,1320.0
2026-06-29,S01,P08,21,1260.0
2026-06-30,S01,P08,23,1380.0
2026-07-01,S01,P08,13,780.0
2026-07-02,S01,P08,22,1320.0
2026-07-03,S01,P08,19,1140.0
2026-07-04,S01,P08,23,1380.0
2026-07-05,S01,P08,30,1800.0
2026-07-06,S01,P08,16,960.0
2026-07-07,S01,P08,17,1020.0
2026-07-08,S01,P08,22,1320.0
2026-07-09,S01,P08,22,1320.0
2026-07-10,S01,P08,18,1080.0
2026-07-11,S01,P08,27,1620.0
2026-07-12,S01,P08,28,1680.0
2026-07-13,S01,P08,22,1320.0
2026-07-14,S01,P08,18,1080.0
2026-07-15,S01,P08,16,960.0
2026-07-16,S01,P08,18,1080.0
2026-07-17,S01,P08,17,1020.0
2026-07-18,S01,P08,26,1560.0
2026-07-19,S01,P08,28,1680.0
2026-07-20,S01,P08,20,1200.0
2026-07-21,S01,P08,22,1320.0
2026-07-22,S01,P08,23,1380.0
2026-07-23,S01,P08,23,1380.0
2026-07-24,S01,P08,18,1080.0
2026-07-25,S01,P08,29,1740.0
2026-07-26,S01,P08,25,1500.0
2026-07-27,S01,P08,20,1200.0
2026-07-28,S01,P08,14,840.0
2026-07-29,S01,P08,17,1020.0
2026-07-30,S01,P08,22,1320.0
2026-07-31,S01,P08,15,900.0
2026-08-01,S01,P08,20,1200.0
2026-08-02,S01,P08,21,1260.0
2026-08-03,S01,P08,18,1080.0
2026-08-04,S01,P08,16,960.0
2026-08-05,S01,P08,22,1320.0
2026-08-06,S01,P08,16,960.0
2026-08-07,S01,P08,23,1380.0
2026-08-08,S01,P08,22,1320.0
2026-08-09,S01,P08,28,1680.0
2026-08-10,S01,P08,18,1080.0
2026-08-11,S01,P08,21,1260.0
2026-08-12,S01,P08,13,780.0
2026-08-13,S01,P08,23,1380.0
2026-08-14,S01,P08,15,900.0
2026-08-15,S01,P08,17,1020.0
2026-08-16,S01,P08,30,1800.0
2026-08-17,S01,P08,13,780.0
2026-08-18,S01,P08,13,780.0
2026-08-19,S01,P08,15,900.0
2026-08-20,S01,P08,22,1320.0
2026-08-21,S01,P08,19,1140.0
2026-08-22,S01,P08,20,1200.0
2026-08-23,S01,P08,23,1380.0
2026-08-24,S01,P08,14,840.0
2026-08-25,S01,P08,23,1380.0
2026-08-26,S01,P08,18,1080.0
2026-08-27,S01,P08,15,900.0
2026-08-28,S01,P08,17,1020.0
2026-06-15,S01,P09,12,1080.0
2026-06-16,S01,P09,8,720.0
2026-06-17,S01,P09,9,810.0
2026-06-18,S01,P09,10,900.0
2026-06-19,S01,P09,13,1170.0
2026-06-20,S01,P09,14,1260.0
2026-06-21,S01,P09,16,1440.0
2026-06-22,S01,P09,9,810.0
2026-06-23,S01,P09,13,1170.0
2026-06-24,S01,P09,8,720.0
2026-06-25,S01,P09,11,990.0
2026-06-26,S01,P09,12,1080.0
2026-06-27,S01,P09,11,990.0
2026-06-28,S01,P09,15,1350.0
2026-06-29,S01,P09,9,810.0
2026-06-30,S01,P09,11,990.0
2026-07-01,S01,P09,12,1080.0
2026-07-02,S01,P09,12,1080.0
2026-07-03,S01,P09,10,900.0
2026-07-04,S01,P09,9,810.0
2026-07-05,S01,P09,13,1170.0
2026-07-06,S01,P09,11,990.0
2026-07-07,S01,P09,7,630.0
2026-07-08,S01,P09,11,990.0
2026-07-09,S01,P09,7,630.0
2026-07-10,S01,P09,10,900.0
2026-07-11,S01,P09,13,1170.0
2026-07-12,S01,P09,12,1080.0
2026-07-13,S01,P09,9,810.0
2026-07-14,S01,P09,12,1080.0
2026-07-15,S01,P09,10,900.0
2026-07-16,S01,P09,8,720.0
2026-07-17,S01,P09,8,720.0
2026-07-18,S01,P09,13,1170.0
2026-07-19,S01,P09,14,1260.0
2026-07-20,S01,P09,11,990.0
2026-07-21,S01,P09,13,1170.0
2026-07-22,S01,P09,12,1080.0
2026-07-23,S01,P09,10,900.0
2026-07-24,S01,P09,12,1080.0
2026-07-25,S01,P09,14,1260.0
2026-07-26,S01,P09,12,1080.0
2026-07-27,S01,P09,8,720.0
2026-07-28,S01,P09,13,1170.0
2026-07-29,S01,P09,9,810.0
2026-07-30,S01,P09,10,900.0
2026-07-31,S01,P09,12,1080.0
2026-08-01,S01,P09,14,1260.0
2026-08-02,S01,P09,14,1260.0
2026-08-03,S01,P09,9,810.0
2026-08-04,S01,P09,10,900.0
2026-08-05,S01,P09,9,810.0
2026-08-06,S01,P09,10,900.0
2026-08-07,S01,P09,9,810.0
2026-08-08,S01,P09,11,990.0
2026-08-09,S01,P09,11,990.0
2026-08-10,S01,P09,11,990.0
2026-08-11,S01,P09,12,1080.0
2026-08-12,S01,P09,10,900.0
2026-08-13,S01,P09,10,900.0
2026-08-14,S01,P09,8,720.0
2026-08-15,S01,P09,11,990.0
2026-08-16,S01,P09,12,1080.0
2026-08-17,S01,P09,10,900.0
2026-08-18,S01,P09,8,720.0
2026-08-19,S01,P09,10,900.0
2026-08-20,S01,P09,11,990.0
2026-08-21,S01,P09,10,900.0
2026-08-22,S01,P09,9,810.0
2026-08-23,S01,P09,11,990.0
2026-08-24,S01,P09,9,810.0
2026-08-25,S01,P09,8,720.0
2026-08-26,S01,P09,11,990.0
2026-08-27,S01,P09,9,810.0
2026-08-28,S01,P09,10,900.0
2026-06-15,S01,P10,7,910.0
2026-06-16,S01,P10,8,1040.0
2026-06-17,S01,P10,7,910.0
2026-06-18,S01,P10,7,910.0
2026-06-19,S01,P10,9,1170.0
2026-06-20,S01,P10,9,1170.0
2026-06-21,S01,P10,12,1560.0
2026-06-22,S01,P10,10,1300.0
2026-06-23,S01,P10,9,1170.0
2026-06-24,S01,P10,7,910.0
2026-06-25,S01,P10,9,1170.0
2026-06-26,S01,P10,7,910.0
2026-06-27,S01,P10,11,1430.0
2026-06-28,S01,P10,12,1560.0
2026-06-29,S01,P10,8,1040.0
2026-06-30,S01,P10,10,1300.0
2026-07-01,S01,P10,10,1300.0
2026-07-02,S01,P10,7,910.0
2026-07-03,S01,P10,7,910.0
2026-07-04,S01,P10,9,1170.0
2026-07-05,S01,P10,12,1560.0
2026-07-06,S01,P10,6,780.0
2026-07-07,S01,P10,6,780.0
2026-07-08,S01,P10,6,780.0
2026-07-09,S01,P10,7,910.0
2026-07-10,S01,P10,10,1300.0
2026-07-11,S01,P10,11,1430.0
2026-07-12,S01,P10,12,1560.0
2026-07-13,S01,P10,6,780.0
2026-07-14,S01,P10,6,780.0
2026-07-15,S01,P10,7,910.0
2026-07-16,S01,P10,8,1040.0
2026-07-17,S01,P10,7,910.0
2026-07-18,S01,P10,13,1690.0
2026-07-19,S01,P10,9,1170.0
2026-07-20,S01,P10,10,1300.0
2026-07-21,S01,P10,6,780.0
2026-07-22,S01,P10,6,780.0
2026-07-23,S01,P10,8,1040.0
2026-07-24,S01,P10,8,1040.0
2026-07-25,S01,P10,12,1560.0
2026-07-26,S01,P10,8,1040.0
2026-07-27,S01,P10,9,1170.0
2026-07-28,S01,P10,10,1300.0
2026-07-29,S01,P10,6,780.0
2026-07-30,S01,P10,7,910.0
2026-07-31,S01,P10,8,1040.0
2026-08-01,S01,P10,10,1300.0
2026-08-02,S01,P10,11,1430.0
2026-08-03,S01,P10,9,1170.0
2026-08-04,S01,P10,9,1170.0
2026-08-05,S01,P10,7,910.0
2026-08-06,S01,P10,10,1300.0
2026-08-07,S01,P10,7,910.0
2026-08-08,S01,P10,11,1430.0
2026-08-09,S01,P10,10,1300.0
2026-08-10,S01,P10,8,1040.0
2026-08-11,S01,P10,6,780.0
2026-08-12,S01,P10,10,1300.0
2026-08-13,S01,P10,6,780.0
2026-08-14,S01,P10,9,1170.0
2026-08-15,S01,P10,11,1430.0
2026-08-16,S01,P10,9,1170.0
2026-08-17,S01,P10,6,780.0
2026-08-18,S01,P10,7,910.0
2026-08-19,S01,P10,8,1040.0
2026-08-20,S01,P10,6,780.0
2026-08-21,S01,P10,8,1040.0
2026-08-22,S01,P10,12,1560.0
2026-08-23,S01,P10,10,1300.0
2026-08-24,S01,P10,6,780.0
2026-08-25,S01,P10,7,910.0
2026-08-26,S01,P10,7,910.0
2026-08-27,S01,P10,10,1300.0
2026-08-28,S01,P10,6,780.0
2026-06-15,S01,P11,6,3300.0
2026-06-16,S01,P11,5,2750.0
2026-06-17,S01,P11,5,2750.0
2026-06-18,S01,P11,6,3300.0
2026-06-19,S01,P11,5,2750.0
2026-06-20,S01,P11,7,3850.0
2026-06-21,S01,P11,7,3850.0
2026-06-22,S01,P11,6,3300.0
2026-06-23,S01,P11,6,3300.0
2026-06-24,S01,P11,4,2200.0
2026-06-25,S01,P11,4,2200.0
2026-06-26,S01,P11,4,2200.0
2026-06-27,S01,P11,7,3850.0
2026-06-28,S01,P11,7,3850.0
2026-06-29,S01,P11,4,2200.0
2026-06-30,S01,P11,4,2200.0
2026-07-01,S01,P11,6,3300.0
2026-07-02,S01,P11,6,3300.0
2026-07-03,S01,P11,6,3300.0
2026-07-04,S01,P11,7,3850.0
2026-07-05,S01,P11,6,3300.0
2026-07-06,S01,P11,4,2200.0
2026-07-07,S01,P11,4,2200.0
2026-07-08,S01,P11,5,2750.0
2026-07-09,S01,P11,4,2200.0
2026-07-10,S01,P11,4,2200.0
2026-07-11,S01,P11,5,2750.0
2026-07-12,S01,P11,8,4400.0
2026-07-13,S01,P11,6,3300.0
2026-07-14,S01,P11,5,2750.0
2026-07-15,S01,P11,6,3300.0
2026-07-16,S01,P11,6,3300.0
2026-07-17,S01,P11,6,3300.0
2026-07-18,S01,P11,6,3300.0
2026-07-19,S01,P11,5,2750.0
2026-07-20,S01,P11,6,3300.0
2026-07-21,S01,P11,5,2750.0
2026-07-22,S01,P11,5,2750.0
2026-07-23,S01,P11,6,3300.0
2026-07-24,S01,P11,4,2200.0
2026-07-25,S01,P11,7,3850.0
2026-07-26,S01,P11,7,3850.0
2026-07-27,S01,P11,5,2750.0
2026-07-28,S01,P11,4,2200.0
2026-07-29,S01,P11,5,2750.0
2026-07-30,S01,P11,4,2200.0
2026-07-31,S01,P11,6,3300.0
2026-08-01,S01,P11,8,4400.0
2026-08-02,S01,P11,6,3300.0
2026-08-03,S01,P11,6,3300.0
2026-08-04,S01,P11,4,2200.0
2026-08-05,S01,P11,6,3300.0
2026-08-06,S01,P11,6,3300.0
2026-08-07,S01,P11,5,2750.0
2026-08-08,S01,P11,6,3300.0
2026-08-09,S01,P11,6,3300.0
2026-08-10,S01,P11,4,2200.0
2026-08-11,S01,P11,6,3300.0
2026-08-12,S01,P11,5,2750.0
2026-08-13,S01,P11,5,2750.0
2026-08-14,S01,P11,6,3300.0
2026-08-15,S01,P11,7,3850.0
2026-08-16,S01,P11,7,3850.0
2026-08-17,S01,P11,5,2750.0
2026-08-18,S01,P11,4,2200.0
2026-08-19,S01,P11,5,2750.0
2026-08-20,S01,P11,6,3300.0
2026-08-21,S01,P11,5,2750.0
2026-08-22,S01,P11,8,4400.0
2026-08-23,S01,P11,5,2750.0
2026-08-24,S01,P11,5,2750.0
2026-08-25,S01,P11,6,3300.0
2026-08-26,S01,P11,5,2750.0
2026-08-27,S01,P11,6,3300.0
2026-08-28,S01,P11,4,2200.0
2026-06-15,S01,P12,7,1820.0
2026-06-16,S01,P12,5,1300.0
2026-06-17,S01,P12,4,1040.0
2026-06-18,S01,P12,6,1560.0
2026-06-19,S01,P12,5,1300.0
2026-06-20,S01,P12,9,2340.0
2026-06-21,S01,P12,6,1560.0
2026-06-22,S01,P12,8,2080.0
2026-06-23,S01,P12,7,1820.0
2026-06-24,S01,P12,5,1300.0
2026-06-25,S01,P12,8,2080.0
2026-06-26,S01,P12,5,1300.0
2026-06-27,S01,P12,9,2340.0
2026-06-28,S01,P12,7,1820.0
2026-06-29,S01,P12,6,1560.0
2026-06-30,S01,P12,6,1560.0
2026-07-01,S01,P12,6,1560.0
2026-07-02,S01,P12,5,1300.0
2026-07-03,S01,P12,5,1300.0
2026-07-04,S01,P12,8,2080.0
2026-07-05,S01,P12,9,2340.0
2026-07-06,S01,P12,5,1300.0
2026-07-07,S01,P12,4,1040.0
2026-07-08,S01,P12,7,1820.0
2026-07-09,S01,P12,7,1820.0
2026-07-10,S01,P12,5,1300.0
2026-07-11,S01,P12,9,2340.0
2026-07-12,S01,P12,7,1820.0
2026-07-13,S01,P12,4,1040.0
2026-07-14,S01,P12,7,1820.0
2026-07-15,S01,P12,7,1820.0
2026-07-16,S01,P12,6,1560.0
2026-07-17,S01,P12,7,1820.0
2026-07-18,S01,P12,10,2600.0
2026-07-19,S01,P12,8,2080.0
2026-07-20,S01,P12,6,1560.0
2026-07-21,S01,P12,5,1300.0
2026-07-22,S01,P12,7,1820.0
2026-07-23,S01,P12,6,1560.0
2026-07-24,S01,P12,8,2080.0
2026-07-25,S01,P12,10,2600.0
2026-07-26,S01,P12,10,2600.0
2026-07-27,S01,P12,5,1300.0
2026-07-28,S01,P12,6,1560.0
2026-07-29,S01,P12,7,1820.0
2026-07-30,S01,P12,6,1560.0
2026-07-31,S01,P12,5,1300.0
2026-08-01,S01,P12,8,2080.0
2026-08-02,S01,P12,10,2600.0
2026-08-03,S01,P12,6,1560.0
2026-08-04,S01,P12,8,2080.0
2026-08-05,S01,P12,7,1820.0
2026-08-06,S01,P12,7,1820.0
2026-08-07,S01,P12,5,1300.0
2026-08-08,S01,P12,10,2600.0
2026-08-09,S01,P12,6,1560.0
2026-08-10,S01,P12,8,2080.0
2026-08-11,S01,P12,5,1300.0
2026-08-12,S01,P12,5,1300.0
2026-08-13,S01,P12,7,1820.0
2026-08-14,S01,P12,5,1300.0
2026-08-15,S01,P12,10,2600.0
2026-08-16,S01,P12,6,1560.0
2026-08-17,S01,P12,5,1300.0
2026-08-18,S01,P12,7,1820.0
2026-08-19,S01,P12,8,2080.0
2026-08-20,S01,P12,4,1040.0
2026-08-21,S01,P12,7,1820.0
2026-08-22,S01,P12,7,1820.0
2026-08-23,S01,P12,8,2080.0
2026-08-24,S01,P12,6,1560.0
2026-08-25,S01,P12,4,1040.0
2026-08-26,S01,P12,5,1300.0
2026-08-27,S01,P12,7,1820.0
2026-08-28,S01,P12,6,1560.0
2026-06-15,S01,P13,4,1280.0
2026-06-16,S01,P13,2,640.0
2026-06-17,S01,P13,2,640.0
2026-06-18,S01,P13,3,960.0
2026-06-19,S01,P13,4,1280.0
2026-06-20,S01,P13,5,1600.0
2026-06-21,S01,P13,4,1280.0
2026-06-22,S01,P13,3,960.0
2026-06-23,S01,P13,2,640.0
2026-06-24,S01,P13,3,960.0
2026-06-25,S01,P13,4,1280.0
2026-06-26,S01,P13,3,960.0
2026-06-27,S01,P13,4,1280.0
2026-06-28,S01,P13,5,1600.0
2026-06-29,S01,P13,2,640.0
2026-06-30,S01,P13,4,1280.0
2026-07-01,S01,P13,3,960.0
2026-07-02,S01,P13,3,960.0
2026-07-03,S01,P13,2,640.0
2026-07-04,S01,P13,4,1280.0
2026-07-05,S01,P13,4,1280.0
2026-07-06,S01,P13,4,1280.0
2026-07-07,S01,P13,2,640.0
2026-07-08,S01,P13,2,640.0
2026-07-09,S01,P13,4,1280.0
2026-07-10,S01,P13,3,960.0
2026-07-11,S01,P13,3,960.0
2026-07-12,S01,P13,5,1600.0
2026-07-13,S01,P13,2,640.0
2026-07-14,S01,P13,3,960.0
2026-07-15,S01,P13,3,960.0
2026-07-16,S01,P13,3,960.0
2026-07-17,S01,P13,2,640.0
2026-07-18,S01,P13,5,1600.0
2026-07-19,S01,P13,5,1600.0
2026-07-20,S01,P13,3,960.0
2026-07-21,S01,P13,2,640.0
2026-07-22,S01,P13,3,960.0
2026-07-23,S01,P13,3,960.0
2026-07-24,S01,P13,3,960.0
2026-07-25,S01,P13,4,1280.0
2026-07-26,S01,P13,4,1280.0
2026-07-27,S01,P13,3,960.0
2026-07-28,S01,P13,4,1280.0
2026-07-29,S01,P13,2,640.0
2026-07-30,S01,P13,3,960.0
2026-07-31,S01,P13,3,960.0
2026-08-01,S01,P13,3,960.0
2026-08-02,S01,P13,4,1280.0
2026-08-03,S01,P13,3,960.0
2026-08-04,S01,P13,4,1280.0
2026-08-05,S01,P13,3,960.0
2026-08-06,S01,P13,4,1280.0
2026-08-07,S01,P13,3,960.0
2026-08-08,S01,P13,3,960.0
2026-08-09,S01,P13,4,1280.0
2026-08-10,S01,P13,3,960.0
2026-08-11,S01,P13,3,960.0
2026-08-12,S01,P13,2,640.0
2026-08-13,S01,P13,3,960.0
2026-08-14,S01,P13,3,960.0
2026-08-15,S01,P13,5,1600.0
2026-08-16,S01,P13,3,960.0
2026-08-17,S01,P13,4,1280.0
2026-08-18,S01,P13,3,960.0
2026-08-19,S01,P13,3,960.0
2026-08-20,S01,P13,3,960.0
2026-08-21,S01,P13,3,960.0
2026-08-22,S01,P13,4,1280.0
2026-08-23,S01,P13,4,1280.0
2026-08-24,S01,P13,3,960.0
2026-08-25,S01,P13,4,1280.0
2026-08-26,S01,P13,3,960.0
2026-08-27,S01,P13,4,1280.0
2026-08-28,S01,P13,3,960.0
2026-06-15,S01,P14,6,840.0
2026-06-16,S01,P14,8,1120.0
2026-06-17,S01,P14,7,980.0
2026-06-18,S01,P14,11,1540.0
2026-06-19,S01,P14,8,1120.0
2026-06-20,S01,P14,11,1540.0
2026-06-21,S01,P14,10,1400.0
2026-06-22,S01,P14,11,1540.0
2026-06-23,S01,P14,11,1540.0
2026-06-24,S01,P14,8,1120.0
2026-06-25,S01,P14,9,1260.0
2026-06-26,S01,P14,8,1120.0
2026-06-27,S01,P14,9,1260.0
2026-06-28,S01,P14,15,2100.0
2026-06-29,S01,P14,11,1540.0
2026-06-30,S01,P14,12,1680.0
2026-07-01,S01,P14,8,1120.0
2026-07-02,S01,P14,11,1540.0
2026-07-03,S01,P14,11,1540.0
2026-07-04,S01,P14,11,1540.0
2026-07-05,S01,P14,9,1260.0
2026-07-06,S01,P14,10,1400.0
2026-07-07,S01,P14,8,1120.0
2026-07-08,S01,P14,10,1400.0
2026-07-09,S01,P14,10,1400.0
2026-07-10,S01,P14,8,1120.0
2026-07-11,S01,P14,14,1960.0
2026-07-12,S01,P14,12,1680.0
2026-07-13,S01,P14,7,980.0
2026-07-14,S01,P14,8,1120.0
2026-07-15,S01,P14,8,1120.0
2026-07-16,S01,P14,7,980.0
2026-07-17,S01,P14,8,1120.0
2026-07-18,S01,P14,13,1820.0
2026-07-19,S01,P14,10,1400.0
2026-07-20,S01,P14,8,1120.0
2026-07-21,S01,P14,10,1400.0
2026-07-22,S01,P14,8,1120.0
2026-07-23,S01,P14,10,1400.0
2026-07-24,S01,P14,9,1260.0
2026-07-25,S01,P14,13,1820.0
2026-07-26,S01,P14,15,2100.0
2026-07-27,S01,P14,8,1120.0
2026-07-28,S01,P14,10,1400.0
2026-07-29,S01,P14,10,1400.0
2026-07-30,S01,P14,10,1400.0
2026-07-31,S01,P14,9,1260.0
2026-08-01,S01,P14,13,1820.0
2026-08-02,S01,P14,13,1820.0
2026-08-03,S01,P14,7,980.0
2026-08-04,S01,P14,7,980.0
2026-08-05,S01,P14,7,980.0
2026-08-06,S01,P14,12,1680.0
2026-08-07,S01,P14,7,980.0
2026-08-08,S01,P14,10,1400.0
2026-08-09,S01,P14,12,1680.0
2026-08-10,S01,P14,8,1120.0
2026-08-11,S01,P14,8,1120.0
2026-08-12,S01,P14,11,1540.0
2026-08-13,S01,P14,10,1400.0
2026-08-14,S01,P14,9,1260.0
2026-08-15,S01,P14,12,1680.0
2026-08-16,S01,P14,13,1820.0
2026-08-17,S01,P14,11,1540.0
2026-08-18,S01,P14,10,1400.0
2026-08-19,S01,P14,11,1540.0
2026-08-20,S01,P14,10,1400.0
2026-08-21,S01,P14,11,1540.0
2026-08-22,S01,P14,10,1400.0
2026-08-23,S01,P14,13,1820.0
2026-08-24,S01,P14,7,980.0
2026-08-25,S01,P14,9,1260.0
2026-08-26,S01,P14,8,1120.0
2026-08-27,S01,P14,8,1120.0
2026-08-28,S01,P14,12,1680.0
2026-06-15,S01,P15,6,1140.0
2026-06-16,S01,P15,7,1330.0
2026-06-17,S01,P15,10,1900.0
2026-06-18,S01,P15,10,1900.0
2026-06-19,S01,P15,10,1900.0
2026-06-20,S01,P15,8,1520.0
2026-06-21,S01,P15,9,1710.0
2026-06-22,S01,P15,9,1710.0
2026-06-23,S01,P15,10,1900.0
2026-06-24,S01,P15,6,1140.0
2026-06-25,S01,P15,7,1330.0
2026-06-26,S01,P15,10,1900.0
2026-06-27,S01,P15,12,2280.0
2026-06-28,S01,P15,9,1710.0
2026-06-29,S01,P15,10,1900.0
2026-06-30,S01,P15,8,1520.0
2026-07-01,S01,P15,8,1520.0
2026-07-02,S01,P15,10,1900.0
2026-07-03,S01,P15,7,1330.0
2026-07-04,S01,P15,12,2280.0
2026-07-05,S01,P15,12,2280.0
2026-07-06,S01,P15,8,1520.0
2026-07-07,S01,P15,7,1330.0
2026-07-08,S01,P15,10,1900.0
2026-07-09,S01,P15,10,1900.0
2026-07-10,S01,P15,8,1520.0
2026-07-11,S01,P15,12,2280.0
2026-07-12,S01,P15,8,1520.0
2026-07-13,S01,P15,10,1900.0
2026-07-14,S01,P15,6,1140.0
2026-07-15,S01,P15,7,1330.0
2026-07-16,S01,P15,9,1710.0
2026-07-17,S01,P15,8,1520.0
2026-07-18,S01,P15,7,1330.0
2026-07-19,S01,P15,9,1710.0
2026-07-20,S01,P15,6,1140.0
2026-07-21,S01,P15,8,1520.0
2026-07-22,S01,P15,6,1140.0
2026-07-23,S01,P15,6,1140.0
2026-07-24,S01,P15,8,1520.0
2026-07-25,S01,P15,10,1900.0
2026-07-26,S01,P15,11,2090.0
2026-07-27,S01,P15,8,1520.0
2026-07-28,S01,P15,7,1330.0
2026-07-29,S01,P15,9,1710.0
2026-07-30,S01,P15,9,1710.0
2026-07-31,S01,P15,10,1900.0
2026-08-01,S01,P15,11,2090.0
2026-08-02,S01,P15,9,1710.0
2026-08-03,S01,P15,9,1710.0
2026-08-04,S01,P15,6,1140.0
2026-08-05,S01,P15,10,1900.0
2026-08-06,S01,P15,10,1900.0
2026-08-07,S01,P15,8,1520.0
2026-08-08,S01,P15,8,1520.0
2026-08-09,S01,P15,12,2280.0
2026-08-10,S01,P15,8,1520.0
2026-08-11,S01,P15,10,1900.0
2026-08-12,S01,P15,7,1330.0
2026-08-13,S01,P15,6,1140.0
2026-08-14,S01,P15,6,1140.0
2026-08-15,S01,P15,11,2090.0
2026-08-16,S01,P15,11,2090.0
2026-08-17,S01,P15,9,1710.0
2026-08-18,S01,P15,7,1330.0
2026-08-19,S01,P15,8,1520.0
2026-08-20,S01,P15,7,1330.0
2026-08-21,S01,P15,8,1520.0
2026-08-22,S01,P15,10,1900.0
2026-08-23,S01,P15,12,2280.0
2026-08-24,S01,P15,6,1140.0
2026-08-25,S01,P15,9,1710.0
2026-08-26,S01,P15,10,1900.0
2026-08-27,S01,P15,8,1520.0
2026-08-28,S01,P15,10,1900.0
2026-06-15,S01,P16,6,1260.0
2026-06-16,S01,P16,7,1470.0
2026-06-17,S01,P16,6,1260.0
2026-06-18,S01,P16,7,1470.0
2026-06-19,S01,P16,5,1050.0
2026-06-20,S01,P16,7,1470.0
2026-06-21,S01,P16,7,1470.0
2026-06-22,S01,P16,8,1680.0
2026-06-23,S01,P16,7,1470.0
2026-06-24,S01,P16,6,1260.0
2026-06-25,S01,P16,5,1050.0
2026-06-26,S01,P16,5,1050.0
2026-06-27,S01,P16,7,1470.0
2026-06-28,S01,P16,9,1890.0
2026-06-29,S01,P16,6,1260.0
2026-06-30,S01,P16,5,1050.0
2026-07-01,S01,P16,4,840.0
2026-07-02,S01,P16,8,1680.0
2026-07-03,S01,P16,6,1260.0
2026-07-04,S01,P16,9,1890.0
2026-07-05,S01,P16,7,1470.0
2026-07-06,S01,P16,7,1470.0
2026-07-07,S01,P16,8,1680.0
2026-07-08,S01,P16,6,1260.0
2026-07-09,S01,P16,7,1470.0
2026-07-10,S01,P16,4,840.0
2026-07-11,S01,P16,7,1470.0
2026-07-12,S01,P16,7,1470.0
2026-07-13,S01,P16,5,1050.0
2026-07-14,S01,P16,6,1260.0
2026-07-15,S01,P16,5,1050.0
2026-07-16,S01,P16,6,1260.0
2026-07-17,S01,P16,7,1470.0
2026-07-18,S01,P16,7,1470.0
2026-07-19,S01,P16,8,1680.0
2026-07-20,S01,P16,5,1050.0
2026-07-21,S01,P16,5,1050.0
2026-07-22,S01,P16,5,1050.0
2026-07-23,S01,P16,6,1260.0
2026-07-24,S01,P16,6,1260.0
2026-07-25,S01,P16,9,1890.0
2026-07-26,S01,P16,8,1680.0
2026-07-27,S01,P16,7,1470.0
2026-07-28,S01,P16,6,1260.0
2026-07-29,S01,P16,6,1260.0
2026-07-30,S01,P16,7,1470.0
2026-07-31,S01,P16,7,1470.0
2026-08-01,S01,P16,6,1260.0
2026-08-02,S01,P16,7,1470.0
2026-08-03,S01,P16,7,1470.0
2026-08-04,S01,P16,8,1680.0
2026-08-05,S01,P16,5,1050.0
2026-08-06,S01,P16,5,1050.0
2026-08-07,S01,P16,5,1050.0
2026-08-08,S01,P16,9,1890.0
2026-08-09,S01,P16,6,1260.0
2026-08-10,S01,P16,7,1470.0
2026-08-11,S01,P16,8,1680.0
2026-08-12,S01,P16,5,1050.0
2026-08-13,S01,P16,6,1260.0
2026-08-14,S01,P16,6,1260.0
2026-08-15,S01,P16,8,1680.0
2026-08-16,S01,P16,6,1260.0
2026-08-17,S01,P16,5,1050.0
2026-08-18,S01,P16,5,1050.0
2026-08-19,S01,P16,8,1680.0
2026-08-20,S01,P16,6,1260.0
2026-08-21,S01,P16,7,1470.0
2026-08-22,S01,P16,6,1260.0
2026-08-23,S01,P16,9,1890.0
2026-08-24,S01,P16,4,840.0
2026-08-25,S01,P16,4,840.0
2026-08-26,S01,P16,6,1260.0
2026-08-27,S01,P16,6,1260.0
2026-08-28,S01,P16,6,1260.0
2026-06-15,S01,P17,8,1400.0
2026-06-16,S01,P17,5,875.0
2026-06-17,S01,P17,7,1225.0
2026-06-18,S01,P17,6,1050.0
2026-06-19,S01,P17,8,1400.0
2026-06-20,S01,P17,9,1575.0
2026-06-21,S01,P17,10,1750.0
2026-06-22,S01,P17,5,875.0
2026-06-23,S01,P17,7,1225.0
2026-06-24,S01,P17,7,1225.0
2026-06-25,S01,P17,5,875.0
2026-06-26,S01,P17,6,1050.0
2026-06-27,S01,P17,8,1400.0
2026-06-28,S01,P17,7,1225.0
2026-06-29,S01,P17,6,1050.0
2026-06-30,S01,P17,6,1050.0
2026-07-01,S01,P17,5,875.0
2026-07-02,S01,P17,8,1400.0
2026-07-03,S01,P17,6,1050.0
2026-07-04,S01,P17,8,1400.0
2026-07-05,S01,P17,10,1750.0
2026-07-06,S01,P17,7,1225.0
2026-07-07,S01,P17,8,1400.0
2026-07-08,S01,P17,8,1400.0
2026-07-09,S01,P17,5,875.0
2026-07-10,S01,P17,9,1575.0
2026-07-11,S01,P17,7,1225.0
2026-07-12,S01,P17,6,1050.0
2026-07-13,S01,P17,9,1575.0
2026-07-14,S01,P17,9,1575.0
2026-07-15,S01,P17,7,1225.0
2026-07-16,S01,P17,7,1225.0
2026-07-17,S01,P17,8,1400.0
2026-07-18,S01,P17,9,1575.0
2026-07-19,S01,P17,7,1225.0
2026-07-20,S01,P17,5,875.0
2026-07-21,S01,P17,6,1050.0
2026-07-22,S01,P17,8,1400.0
2026-07-23,S01,P17,7,1225.0
2026-07-24,S01,P17,8,1400.0
2026-07-25,S01,P17,11,1925.0
2026-07-26,S01,P17,7,1225.0
2026-07-27,S01,P17,8,1400.0
2026-07-28,S01,P17,6,1050.0
2026-07-29,S01,P17,7,1225.0
2026-07-30,S01,P17,7,1225.0
2026-07-31,S01,P17,7,1225.0
2026-08-01,S01,P17,8,1400.0
2026-08-02,S01,P17,8,1400.0
2026-08-03,S01,P17,6,1050.0
2026-08-04,S01,P17,6,1050.0
2026-08-05,S01,P17,7,1225.0
2026-08-06,S01,P17,5,875.0
2026-08-07,S01,P17,7,1225.0
2026-08-08,S01,P17,11,1925.0
2026-08-09,S01,P17,8,1400.0
2026-08-10,S01,P17,8,1400.0
2026-08-11,S01,P17,8,1400.0
2026-08-12,S01,P17,8,1400.0
2026-08-13,S01,P17,6,1050.0
2026-08-14,S01,P17,6,1050.0
2026-08-15,S01,P17,7,1225.0
2026-08-16,S01,P17,10,1750.0
2026-08-17,S01,P17,8,1400.0
2026-08-18,S01,P17,8,1400.0
2026-08-19,S01,P17,6,1050.0
2026-08-20,S01,P17,8,1400.0
2026-08-21,S01,P17,7,1225.0
2026-08-22,S01,P17,10,1750.0
2026-08-23,S01,P17,11,1925.0
2026-08-24,S01,P17,7,1225.0
2026-08-25,S01,P17,9,1575.0
2026-08-26,S01,P17,7,1225.0
2026-08-27,S01,P17,8,1400.0
2026-08-28,S01,P17,8,1400.0
2026-06-15,S01,P18,4,500.0
2026-06-16,S01,P18,4,500.0
2026-06-17,S01,P18,5,625.0
2026-06-18,S01,P18,4,500.0
2026-06-19,S01,P18,4,500.0
2026-06-20,S01,P18,5,625.0
2026-06-21,S01,P18,7,875.0
2026-06-22,S01,P18,4,500.0
2026-06-23,S01,P18,5,625.0
2026-06-24,S01,P18,4,500.0
2026-06-25,S01,P18,6,750.0
2026-06-26,S01,P18,4,500.0
2026-06-27,S01,P18,8,1000.0
2026-06-28,S01,P18,8,1000.0
2026-06-29,S01,P18,5,625.0
2026-06-30,S01,P18,5,625.0
2026-07-01,S01,P18,5,625.0
2026-07-02,S01,P18,5,625.0
2026-07-03,S01,P18,6,750.0
2026-07-04,S01,P18,8,1000.0
2026-07-05,S01,P18,6,750.0
2026-07-06,S01,P18,6,750.0
2026-07-07,S01,P18,5,625.0
2026-07-08,S01,P18,4,500.0
2026-07-09,S01,P18,5,625.0
2026-07-10,S01,P18,4,500.0
2026-07-11,S01,P18,5,625.0
2026-07-12,S01,P18,5,625.0
2026-07-13,S01,P18,6,750.0
2026-07-14,S01,P18,5,625.0
2026-07-15,S01,P18,6,750.0
2026-07-16,S01,P18,5,625.0
2026-07-17,S01,P18,4,500.0
2026-07-18,S01,P18,6,750.0
2026-07-19,S01,P18,6,750.0
2026-07-20,S01,P18,5,625.0
2026-07-21,S01,P18,5,625.0
2026-07-22,S01,P18,4,500.0
2026-07-23,S01,P18,5,625.0
2026-07-24,S01,P18,4,500.0
2026-07-25,S01,P18,6,750.0
2026-07-26,S01,P18,6,750.0
2026-07-27,S01,P18,5,625.0
2026-07-28,S01,P18,6,750.0
2026-07-29,S01,P18,5,625.0
2026-07-30,S01,P18,4,500.0
2026-07-31,S01,P18,4,500.0
2026-08-01,S01,P18,7,875.0
2026-08-02,S01,P18,6,750.0
2026-08-03,S01,P18,6,750.0
2026-08-04,S01,P18,5,625.0
2026-08-05,S01,P18,6,750.0
2026-08-06,S01,P18,6,750.0
2026-08-07,S01,P18,5,625.0
2026-08-08,S01,P18,7,875.0
2026-08-09,S01,P18,5,625.0
2026-08-10,S01,P18,5,625.0
2026-08-11,S01,P18,6,750.0
2026-08-12,S01,P18,6,750.0
2026-08-13,S01,P18,5,625.0
2026-08-14,S01,P18,5,625.0
2026-08-15,S01,P18,8,1000.0
2026-08-16,S01,P18,6,750.0
2026-08-17,S01,P18,5,625.0
2026-08-18,S01,P18,6,750.0
2026-08-19,S01,P18,6,750.0
2026-08-20,S01,P18,6,750.0
2026-08-21,S01,P18,6,750.0
2026-08-22,S01,P18,7,875.0
2026-08-23,S01,P18,7,875.0
2026-08-24,S01,P18,5,625.0
2026-08-25,S01,P18,5,625.0
2026-08-26,S01,P18,5,625.0
2026-08-27,S01,P18,5,625.0
2026-08-28,S01,P18,5,625.0
2026-06-15,S01,P19,3,840.0
2026-06-16,S01,P19,3,840.0
2026-06-17,S01,P19,2,560.0
2026-06-18,S01,P19,4,1120.0
2026-06-19,S01,P19,2,560.0
2026-06-20,S01,P19,3,840.0
2026-06-21,S01,P19,5,1400.0
2026-06-22,S01,P19,3,840.0
2026-06-23,S01,P19,3,840.0
2026-06-24,S01,P19,3,840.0
2026-06-25,S01,P19,3,840.0
2026-06-26,S01,P19,3,840.0
2026-06-27,S01,P19,5,1400.0
2026-06-28,S01,P19,4,1120.0
2026-06-29,S01,P19,3,840.0
2026-06-30,S01,P19,2,560.0
2026-07-01,S01,P19,2,560.0
2026-07-02,S01,P19,3,840.0
2026-07-03,S01,P19,3,840.0
2026-07-04,S01,P19,5,1400.0
2026-07-05,S01,P19,4,1120.0
2026-07-06,S01,P19,2,560.0
2026-07-07,S01,P19,3,840.0
2026-07-08,S01,P19,3,840.0
2026-07-09,S01,P19,4,1120.0
2026-07-10,S01,P19,3,840.0
2026-07-11,S01,P19,4,1120.0
2026-07-12,S01,P19,5,1400.0
2026-07-13,S01,P19,3,840.0
2026-07-14,S01,P19,3,840.0
2026-07-15,S01,P19,4,1120.0
2026-07-16,S01,P19,4,1120.0
2026-07-17,S01,P19,4,1120.0
2026-07-18,S01,P19,3,840.0
2026-07-19,S01,P19,4,1120.0
2026-07-20,S01,P19,3,840.0
2026-07-21,S01,P19,3,840.0
2026-07-22,S01,P19,3,840.0
2026-07-23,S01,P19,4,1120.0
2026-07-24,S01,P19,3,840.0
2026-07-25,S01,P19,4,1120.0
2026-07-26,S01,P19,3,840.0
2026-07-27,S01,P19,2,560.0
2026-07-28,S01,P19,3,840.0
2026-07-29,S01,P19,4,1120.0
2026-07-30,S01,P19,2,560.0
2026-07-31,S01,P19,3,840.0
2026-08-01,S01,P19,4,1120.0
2026-08-02,S01,P19,5,1400.0
2026-08-03,S01,P19,3,840.0
2026-08-04,S01,P19,3,840.0
2026-08-05,S01,P19,2,560.0
2026-08-06,S01,P19,2,560.0
2026-08-07,S01,P19,2,560.0
2026-08-08,S01,P19,4,1120.0
2026-08-09,S01,P19,4,1120.0
2026-08-10,S01,P19,4,1120.0
2026-08-11,S01,P19,2,560.0
2026-08-12,S01,P19,4,1120.0
2026-08-13,S01,P19,4,1120.0
2026-08-14,S01,P19,4,1120.0
2026-08-15,S01,P19,5,1400.0
2026-08-16,S01,P19,4,1120.0
2026-08-17,S01,P19,3,840.0
2026-08-18,S01,P19,3,840.0
2026-08-19,S01,P19,3,840.0
2026-08-20,S01,P19,2,560.0
2026-08-21,S01,P19,3,840.0
2026-08-22,S01,P19,3,840.0
2026-08-23,S01,P19,3,840.0
2026-08-24,S01,P19,3,840.0
2026-08-25,S01,P19,3,840.0
2026-08-26,S01,P19,2,560.0
2026-08-27,S01,P19,2,560.0
2026-08-28,S01,P19,4,1120.0
2026-06-15,S01,P20,6,1080.0
2026-06-16,S01,P20,5,900.0
2026-06-17,S01,P20,5,900.0
2026-06-18,S01,P20,6,1080.0
2026-06-19,S01,P20,4,720.0
2026-06-20,S01,P20,5,900.0
2026-06-21,S01,P20,5,900.0
2026-06-22,S01,P20,6,1080.0
2026-06-23,S01,P20,5,900.0
2026-06-24,S01,P20,5,900.0
2026-06-25,S01,P20,6,1080.0
2026-06-26,S01,P20,4,720.0
2026-06-27,S01,P20,5,900.0
2026-06-28,S01,P20,5,900.0
2026-06-29,S01,P20,5,900.0
2026-06-30,S01,P20,5,900.0
2026-07-01,S01,P20,4,720.0
2026-07-02,S01,P20,6,1080.0
2026-07-03,S01,P20,5,900.0
2026-07-04,S01,P20,7,1260.0
2026-07-05,S01,P20,7,1260.0
2026-07-06,S01,P20,5,900.0
2026-07-07,S01,P20,6,1080.0
2026-07-08,S01,P20,4,720.0
2026-07-09,S01,P20,4,720.0
2026-07-10,S01,P20,5,900.0
2026-07-11,S01,P20,7,1260.0
2026-07-12,S01,P20,5,900.0
2026-07-13,S01,P20,6,1080.0
2026-07-14,S01,P20,5,900.0
2026-07-15,S01,P20,5,900.0
2026-07-16,S01,P20,6,1080.0
2026-07-17,S01,P20,5,900.0
2026-07-18,S01,P20,8,1440.0
2026-07-19,S01,P20,7,1260.0
2026-07-20,S01,P20,4,720.0
2026-07-21,S01,P20,6,1080.0
2026-07-22,S01,P20,4,720.0
2026-07-23,S01,P20,5,900.0
2026-07-24,S01,P20,5,900.0
2026-07-25,S01,P20,7,1260.0
2026-07-26,S01,P20,6,1080.0
2026-07-27,S01,P20,4,720.0
2026-07-28,S01,P20,4,720.0
2026-07-29,S01,P20,5,900.0
2026-07-30,S01,P20,4,720.0
2026-07-31,S01,P20,5,900.0
2026-08-01,S01,P20,8,1440.0
2026-08-02,S01,P20,5,900.0
2026-08-03,S01,P20,5,900.0
2026-08-04,S01,P20,5,900.0
2026-08-05,S01,P20,5,900.0
2026-08-06,S01,P20,6,1080.0
2026-08-07,S01,P20,6,1080.0
2026-08-08,S01,P20,8,1440.0
2026-08-09,S01,P20,6,1080.0
2026-08-10,S01,P20,4,720.0
2026-08-11,S01,P20,4,720.0
2026-08-12,S01,P20,6,1080.0
2026-08-13,S01,P20,6,1080.0
2026-08-14,S01,P20,4,720.0
2026-08-15,S01,P20,5,900.0
2026-08-16,S01,P20,8,1440.0
2026-08-17,S01,P20,6,1080.0
2026-08-18,S01,P20,4,720.0
2026-08-19,S01,P20,4,720.0
2026-08-20,S01,P20,5,900.0
2026-08-21,S01,P20,6,1080.0
2026-08-22,S01,P20,6,1080.0
2026-08-23,S01,P20,5,900.0
2026-08-24,S01,P20,5,900.0
2026-08-25,S01,P20,4,720.0
2026-08-26,S01,P20,6,1080.0
2026-08-27,S01,P20,4,720.0
2026-08-28,S01,P20,5,900.0
2026-06-15,S01,P21,9,1305.0
2026-06-16,S01,P21,8,1160.0
2026-06-17,S01,P21,9,1305.0
2026-06-18,S01,P21,11,1595.0
2026-06-19,S01,P21,8,1160.0
2026-06-20,S01,P21,10,1450.0
2026-06-21,S01,P21,13,1885.0
2026-06-22,S01,P21,8,1160.0
2026-06-23,S01,P21,11,1595.0
2026-06-24,S01,P21,8,1160.0
2026-06-25,S01,P21,7,1015.0
2026-06-26,S01,P21,9,1305.0
2026-06-27,S01,P21,11,1595.0
2026-06-28,S01,P21,15,2175.0
2026-06-29,S01,P21,7,1015.0
2026-06-30,S01,P21,8,1160.0
2026-07-01,S01,P21,7,1015.0
2026-07-02,S01,P21,8,1160.0
2026-07-03,S01,P21,8,1160.0
2026-07-04,S01,P21,11,1595.0
2026-07-05,S01,P21,13,1885.0
2026-07-06,S01,P21,7,1015.0
2026-07-07,S01,P21,9,1305.0
2026-07-08,S01,P21,9,1305.0
2026-07-09,S01,P21,10,1450.0
2026-07-10,S01,P21,11,1595.0
2026-07-11,S01,P21,13,1885.0
2026-07-12,S01,P21,11,1595.0
2026-07-13,S01,P21,10,1450.0
2026-07-14,S01,P21,11,1595.0
2026-07-15,S01,P21,7,1015.0
2026-07-16,S01,P21,10,1450.0
2026-07-17,S01,P21,8,1160.0
2026-07-18,S01,P21,12,1740.0
2026-07-19,S01,P21,13,1885.0
2026-07-20,S01,P21,7,1015.0
2026-07-21,S01,P21,6,870.0
2026-07-22,S01,P21,11,1595.0
2026-07-23,S01,P21,10,1450.0
2026-07-24,S01,P21,9,1305.0
2026-07-25,S01,P21,9,1305.0
2026-07-26,S01,P21,10,1450.0
2026-07-27,S01,P21,10,1450.0
2026-07-28,S01,P21,8,1160.0
2026-07-29,S01,P21,11,1595.0
2026-07-30,S01,P21,6,870.0
2026-07-31,S01,P21,7,1015.0
2026-08-01,S01,P21,11,1595.0
2026-08-02,S01,P21,11,1595.0
2026-08-03,S01,P21,9,1305.0
2026-08-04,S01,P21,7,1015.0
2026-08-05,S01,P21,7,1015.0
2026-08-06,S01,P21,8,1160.0
2026-08-07,S01,P21,8,1160.0
2026-08-08,S01,P21,10,1450.0
2026-08-09,S01,P21,15,2175.0
2026-08-10,S01,P21,6,870.0
2026-08-11,S01,P21,7,1015.0
2026-08-12,S01,P21,9,1305.0
2026-08-13,S01,P21,11,1595.0
2026-08-14,S01,P21,7,1015.0
2026-08-15,S01,P21,14,2030.0
2026-08-16,S01,P21,13,1885.0
2026-08-17,S01,P21,7,1015.0
2026-08-18,S01,P21,10,1450.0
2026-08-19,S01,P21,10,1450.0
2026-08-20,S01,P21,12,1740.0
2026-08-21,S01,P21,7,1015.0
2026-08-22,S01,P21,9,1305.0
2026-08-23,S01,P21,9,1305.0
2026-08-24,S01,P21,7,1015.0
2026-08-25,S01,P21,10,1450.0
2026-08-26,S01,P21,12,1740.0
2026-08-27,S01,P21,11,1595.0
2026-08-28,S01,P21,12,1740.0
2026-06-15,S01,P22,8,1760.0
2026-06-16,S01,P22,7,1540.0
2026-06-17,S01,P22,6,1320.0
2026-06-18,S01,P22,6,1320.0
2026-06-19,S01,P22,6,1320.0
2026-06-20,S01,P22,10,2200.0
2026-06-21,S01,P22,10,2200.0
2026-06-22,S01,P22,6,1320.0
2026-06-23,S01,P22,6,1320.0
2026-06-24,S01,P22,6,1320.0
2026-06-25,S01,P22,9,1980.0
2026-06-26,S01,P22,8,1760.0
2026-06-27,S01,P22,8,1760.0
2026-06-28,S01,P22,9,1980.0
2026-06-29,S01,P22,6,1320.0
2026-06-30,S01,P22,7,1540.0
2026-07-01,S01,P22,7,1540.0
2026-07-02,S01,P22,9,1980.0
2026-07-03,S01,P22,5,1100.0
2026-07-04,S01,P22,11,2420.0
2026-07-05,S01,P22,7,1540.0
2026-07-06,S01,P22,7,1540.0
2026-07-07,S01,P22,8,1760.0
2026-07-08,S01,P22,7,1540.0
2026-07-09,S01,P22,7,1540.0
2026-07-10,S01,P22,7,1540.0
2026-07-11,S01,P22,10,2200.0
2026-07-12,S01,P22,7,1540.0
2026-07-13,S01,P22,6,1320.0
2026-07-14,S01,P22,5,1100.0
2026-07-15,S01,P22,7,1540.0
2026-07-16,S01,P22,7,1540.0
2026-07-17,S01,P22,5,1100.0
2026-07-18,S01,P22,11,2420.0
2026-07-19,S01,P22,9,1980.0
2026-07-20,S01,P22,7,1540.0
2026-07-21,S01,P22,8,1760.0
2026-07-22,S01,P22,5,1100.0
2026-07-23,S01,P22,7,1540.0
2026-07-24,S01,P22,9,1980.0
2026-07-25,S01,P22,11,2420.0
2026-07-26,S01,P22,9,1980.0
2026-07-27,S01,P22,6,1320.0
2026-07-28,S01,P22,6,1320.0
2026-07-29,S01,P22,9,1980.0
2026-07-30,S01,P22,6,1320.0
2026-07-31,S01,P22,9,1980.0
2026-08-01,S01,P22,9,1980.0
2026-08-02,S01,P22,8,1760.0
2026-08-03,S01,P22,5,1100.0
2026-08-04,S01,P22,6,1320.0
2026-08-05,S01,P22,9,1980.0
2026-08-06,S01,P22,6,1320.0
2026-08-07,S01,P22,8,1760.0
2026-08-08,S01,P22,10,2200.0
2026-08-09,S01,P22,7,1540.0
2026-08-10,S01,P22,8,1760.0
2026-08-11,S01,P22,7,1540.0
2026-08-12,S01,P22,7,1540.0
2026-08-13,S01,P22,6,1320.0
2026-08-14,S01,P22,8,1760.0
2026-08-15,S01,P22,11,2420.0
2026-08-16,S01,P22,8,1760.0
2026-08-17,S01,P22,9,1980.0
2026-08-18,S01,P22,5,1100.0
2026-08-19,S01,P22,9,1980.0
2026-08-20,S01,P22,5,1100.0
2026-08-21,S01,P22,9,1980.0
2026-08-22,S01,P22,11,2420.0
2026-08-23,S01,P22,8,1760.0
2026-08-24,S01,P22,6,1320.0
2026-08-25,S01,P22,7,1540.0
2026-08-26,S01,P22,7,1540.0
2026-08-27,S01,P22,5,1100.0
2026-08-28,S01,P22,9,1980.0
2026-06-15,S01,P23,10,1600.0
2026-06-16,S01,P23,12,1920.0
2026-06-17,S01,P23,11,1760.0
2026-06-18,S01,P23,9,1440.0
2026-06-19,S01,P23,7,1120.0
2026-06-20,S01,P23,10,1600.0
2026-06-21,S01,P23,13,2080.0
2026-06-22,S01,P23,10,1600.0
2026-06-23,S01,P23,8,1280.0
2026-06-24,S01,P23,11,1760.0
2026-06-25,S01,P23,9,1440.0
2026-06-26,S01,P23,11,1760.0
2026-06-27,S01,P23,15,2400.0
2026-06-28,S01,P23,16,2560.0
2026-06-29,S01,P23,13,2080.0
2026-06-30,S01,P23,8,1280.0
2026-07-01,S01,P23,9,1440.0
2026-07-02,S01,P23,10,1600.0
2026-07-03,S01,P23,9,1440.0
2026-07-04,S01,P23,13,2080.0
2026-07-05,S01,P23,11,1760.0
2026-07-06,S01,P23,8,1280.0
2026-07-07,S01,P23,8,1280.0
2026-07-08,S01,P23,9,1440.0
2026-07-09,S01,P23,9,1440.0
2026-07-10,S01,P23,11,1760.0
2026-07-11,S01,P23,11,1760.0
2026-07-12,S01,P23,16,2560.0
2026-07-13,S01,P23,8,1280.0
2026-07-14,S01,P23,9,1440.0
2026-07-15,S01,P23,10,1600.0
2026-07-16,S01,P23,9,1440.0
2026-07-17,S01,P23,12,1920.0
2026-07-18,S01,P23,13,2080.0
2026-07-19,S01,P23,13,2080.0
2026-07-20,S01,P23,10,1600.0
2026-07-21,S01,P23,9,1440.0
2026-07-22,S01,P23,7,1120.0
2026-07-23,S01,P23,13,2080.0
2026-07-24,S01,P23,10,1600.0
2026-07-25,S01,P23,17,2720.0
2026-07-26,S01,P23,11,1760.0
2026-07-27,S01,P23,9,1440.0
2026-07-28,S01,P23,7,1120.0
2026-07-29,S01,P23,10,1600.0
2026-07-30,S01,P23,12,1920.0
2026-07-31,S01,P23,11,1760.0
2026-08-01,S01,P23,13,2080.0
2026-08-02,S01,P23,13,2080.0
2026-08-03,S01,P23,12,1920.0
2026-08-04,S01,P23,10,1600.0
2026-08-05,S01,P23,12,1920.0
2026-08-06,S01,P23,11,1760.0
2026-08-07,S01,P23,12,1920.0
2026-08-08,S01,P23,12,1920.0
2026-08-09,S01,P23,12,1920.0
2026-08-10,S01,P23,10,1600.0
2026-08-11,S01,P23,8,1280.0
2026-08-12,S01,P23,10,1600.0
2026-08-13,S01,P23,7,1120.0
2026-08-14,S01,P23,10,1600.0
2026-08-15,S01,P23,15,2400.0
2026-08-16,S01,P23,11,1760.0
2026-08-17,S01,P23,13,2080.0
2026-08-18,S01,P23,11,1760.0
2026-08-19,S01,P23,8,1280.0
2026-08-20,S01,P23,13,2080.0
2026-08-21,S01,P23,9,1440.0
2026-08-22,S01,P23,15,2400.0
2026-08-23,S01,P23,12,1920.0
2026-08-24,S01,P23,13,2080.0
2026-08-25,S01,P23,12,1920.0
2026-08-26,S01,P23,8,1280.0
2026-08-27,S01,P23,10,1600.0
2026-08-28,S01,P23,10,1600.0
2026-06-15,S01,P24,7,945.0
2026-06-16,S01,P24,7,945.0
2026-06-17,S01,P24,6,810.0
2026-06-18,S01,P24,5,675.0
2026-06-19,S01,P24,7,945.0
2026-06-20,S01,P24,6,810.0
2026-06-21,S01,P24,10,1350.0
2026-06-22,S01,P24,5,675.0
2026-06-23,S01,P24,6,810.0
2026-06-24,S01,P24,6,810.0
2026-06-25,S01,P24,7,945.0
2026-06-26,S01,P24,6,810.0
2026-06-27,S01,P24,8,1080.0
2026-06-28,S01,P24,8,1080.0
2026-06-29,S01,P24,6,810.0
2026-06-30,S01,P24,6,810.0
2026-07-01,S01,P24,6,810.0
2026-07-02,S01,P24,4,540.0
2026-07-03,S01,P24,5,675.0
2026-07-04,S01,P24,6,810.0
2026-07-05,S01,P24,7,945.0
2026-07-06,S01,P24,5,675.0
2026-07-07,S01,P24,7,945.0
2026-07-08,S01,P24,7,945.0
2026-07-09,S01,P24,6,810.0
2026-07-10,S01,P24,6,810.0
2026-07-11,S01,P24,7,945.0
2026-07-12,S01,P24,9,1215.0
2026-07-13,S01,P24,8,1080.0
2026-07-14,S01,P24,6,810.0
2026-07-15,S01,P24,5,675.0
2026-07-16,S01,P24,4,540.0
2026-07-17,S01,P24,6,810.0
2026-07-18,S01,P24,8,1080.0
2026-07-19,S01,P24,9,1215.0
2026-07-20,S01,P24,7,945.0
2026-07-21,S01,P24,6,810.0
2026-07-22,S01,P24,7,945.0
2026-07-23,S01,P24,5,675.0
2026-07-24,S01,P24,6,810.0
2026-07-25,S01,P24,9,1215.0
2026-07-26,S01,P24,6,810.0
2026-07-27,S01,P24,6,810.0
2026-07-28,S01,P24,6,810.0
2026-07-29,S01,P24,6,810.0
2026-07-30,S01,P24,5,675.0
2026-07-31,S01,P24,6,810.0
2026-08-01,S01,P24,8,1080.0
2026-08-02,S01,P24,8,1080.0
2026-08-03,S01,P24,7,945.0
2026-08-04,S01,P24,7,945.0
2026-08-05,S01,P24,7,945.0
2026-08-06,S01,P24,6,810.0
2026-08-07,S01,P24,6,810.0
2026-08-08,S01,P24,10,1350.0
2026-08-09,S01,P24,8,1080.0
2026-08-10,S01,P24,6,810.0
2026-08-11,S01,P24,8,1080.0
2026-08-12,S01,P24,6,810.0
2026-08-13,S01,P24,6,810.0
2026-08-14,S01,P24,6,810.0
2026-08-15,S01,P24,9,1215.0
2026-08-16,S01,P24,10,1350.0
2026-08-17,S01,P24,7,945.0
2026-08-18,S01,P24,7,945.0
2026-08-19,S01,P24,5,675.0
2026-08-20,S01,P24,6,810.0
2026-08-21,S01,P24,8,1080.0
2026-08-22,S01,P24,7,945.0
2026-08-23,S01,P24,7,945.0
2026-08-24,S01,P24,8,1080.0
2026-08-25,S01,P24,8,1080.0
2026-08-26,S01,P24,7,945.0
2026-08-27,S01,P24,7,945.0
2026-08-28,S01,P24,7,945.0
2026-06-15,S01,P25,5,975.0
2026-06-16,S01,P25,8,1560.0
2026-06-17,S01,P25,7,1365.0
2026-06-18,S01,P25,5,975.0
2026-06-19,S01,P25,5,975.0
2026-06-20,S01,P25,9,1755.0
2026-06-21,S01,P25,7,1365.0
2026-06-22,S01,P25,8,1560.0
2026-06-23,S01,P25,7,1365.0
2026-06-24,S01,P25,8,1560.0
2026-06-25,S01,P25,7,1365.0
2026-06-26,S01,P25,5,975.0
2026-06-27,S01,P25,7,1365.0
2026-06-28,S01,P25,9,1755.0
2026-06-29,S01,P25,5,975.0
2026-06-30,S01,P25,6,1170.0
2026-07-01,S01,P25,5,975.0
2026-07-02,S01,P25,6,1170.0
2026-07-03,S01,P25,5,975.0
2026-07-04,S01,P25,8,1560.0
2026-07-05,S01,P25,10,1950.0
2026-07-06,S01,P25,7,1365.0
2026-07-07,S01,P25,5,975.0
2026-07-08,S01,P25,6,1170.0
2026-07-09,S01,P25,6,1170.0
2026-07-10,S01,P25,5,975.0
2026-07-11,S01,P25,9,1755.0
2026-07-12,S01,P25,8,1560.0
2026-07-13,S01,P25,6,1170.0
2026-07-14,S01,P25,4,780.0
2026-07-15,S01,P25,6,1170.0
2026-07-16,S01,P25,7,1365.0
2026-07-17,S01,P25,5,975.0
2026-07-18,S01,P25,9,1755.0
2026-07-19,S01,P25,5,975.0
2026-07-20,S01,P25,6,1170.0
2026-07-21,S01,P25,8,1560.0
2026-07-22,S01,P25,6,1170.0
2026-07-23,S01,P25,8,1560.0
2026-07-24,S01,P25,7,1365.0
2026-07-25,S01,P25,8,1560.0
2026-07-26,S01,P25,6,1170.0
2026-07-27,S01,P25,8,1560.0
2026-07-28,S01,P25,5,975.0
2026-07-29,S01,P25,7,1365.0
2026-07-30,S01,P25,7,1365.0
2026-07-31,S01,P25,5,975.0
2026-08-01,S01,P25,8,1560.0
2026-08-02,S01,P25,8,1560.0
2026-08-03,S01,P25,7,1365.0
2026-08-04,S01,P25,8,1560.0
2026-08-05,S01,P25,7,1365.0
2026-08-06,S01,P25,5,975.0
2026-08-07,S01,P25,7,1365.0
2026-08-08,S01,P25,6,1170.0
2026-08-09,S01,P25,10,1950.0
2026-08-10,S01,P25,8,1560.0
2026-08-11,S01,P25,6,1170.0
2026-08-12,S01,P25,6,1170.0
2026-08-13,S01,P25,8,1560.0
2026-08-14,S01,P25,8,1560.0
2026-08-15,S01,P25,10,1950.0
2026-08-16,S01,P25,10,1950.0
2026-08-17,S01,P25,4,780.0
2026-08-18,S01,P25,6,1170.0
2026-08-19,S01,P25,5,975.0
2026-08-20,S01,P25,8,1560.0
2026-08-21,S01,P25,5,975.0
2026-08-22,S01,P25,10,1950.0
2026-08-23,S01,P25,8,1560.0
2026-08-24,S01,P25,6,1170.0
2026-08-25,S01,P25,8,1560.0
2026-08-26,S01,P25,7,1365.0
2026-08-27,S01,P25,6,1170.0
2026-08-28,S01,P25,5,975.0
2026-06-15,S02,P01,15,675.0
2026-06-16,S02,P01,14,630.0
2026-06-17,S02,P01,15,675.0
2026-06-18,S02,P01,9,405.0
2026-06-19,S02,P01,12,540.0
2026-06-20,S02,P01,15,675.0
2026-06-21,S02,P01,19,855.0
2026-06-22,S02,P01,11,495.0
2026-06-23,S02,P01,14,630.0
2026-06-24,S02,P01,14,630.0
2026-06-25,S02,P01,12,540.0
2026-06-26,S02,P01,12,540.0
2026-06-27,S02,P01,15,675.0
2026-06-28,S02,P01,16,720.0
2026-06-29,S02,P01,10,450.0
2026-06-30,S02,P01,17,765.0
2026-07-01,S02,P01,13,585.0
2026-07-02,S02,P01,16,720.0
2026-07-03,S02,P01,9,405.0
2026-07-04,S02,P01,16,720.0
2026-07-05,S02,P01,16,720.0
2026-07-06,S02,P01,11,495.0
2026-07-07,S02,P01,12,540.0
2026-07-08,S02,P01,14,630.0
2026-07-09,S02,P01,14,630.0
2026-07-10,S02,P01,11,495.0
2026-07-11,S02,P01,15,675.0
2026-07-12,S02,P01,14,630.0
2026-07-13,S02,P01,14,630.0
2026-07-14,S02,P01,13,585.0
2026-07-15,S02,P01,10,450.0
2026-07-16,S02,P01,14,630.0
2026-07-17,S02,P01,16,720.0
2026-07-18,S02,P01,21,945.0
2026-07-19,S02,P01,20,900.0
2026-07-20,S02,P01,14,630.0
2026-07-21,S02,P01,14,630.0
2026-07-22,S02,P01,16,720.0
2026-07-23,S02,P01,12,540.0
2026-07-24,S02,P01,11,495.0
2026-07-25,S02,P01,22,990.0
2026-07-26,S02,P01,17,765.0
2026-07-27,S02,P01,13,585.0
2026-07-28,S02,P01,17,765.0
2026-07-29,S02,P01,12,540.0
2026-07-30,S02,P01,15,675.0
2026-07-31,S02,P01,16,720.0
2026-08-01,S02,P01,20,900.0
2026-08-02,S02,P01,20,900.0
2026-08-03,S02,P01,16,720.0
2026-08-04,S02,P01,15,675.0
2026-08-05,S02,P01,14,630.0
2026-08-06,S02,P01,14,630.0
2026-08-07,S02,P01,15,675.0
2026-08-08,S02,P01,17,765.0
2026-08-09,S02,P01,17,765.0
2026-08-10,S02,P01,12,540.0
2026-08-11,S02,P01,16,720.0
2026-08-12,S02,P01,10,450.0
2026-08-13,S02,P01,16,720.0
2026-08-14,S02,P01,16,720.0
2026-08-15,S02,P01,14,630.0
2026-08-16,S02,P01,17,765.0
2026-08-17,S02,P01,10,450.0
2026-08-18,S02,P01,16,720.0
2026-08-19,S02,P01,13,585.0
2026-08-20,S02,P01,14,630.0
2026-08-21,S02,P01,15,675.0
2026-08-22,S02,P01,17,765.0
2026-08-23,S02,P01,21,945.0
2026-08-24,S02,P01,13,585.0
2026-08-25,S02,P01,10,450.0
2026-08-26,S02,P01,10,450.0
2026-08-27,S02,P01,12,540.0
2026-08-28,S02,P01,13,585.0
2026-06-15,S02,P02,11,935.0
2026-06-16,S02,P02,9,765.0
2026-06-17,S02,P02,12,1020.0
2026-06-18,S02,P02,11,935.0
2026-06-19,S02,P02,10,850.0
2026-06-20,S02,P02,9,765.0
2026-06-21,S02,P02,12,1020.0
2026-06-22,S02,P02,7,595.0
2026-06-23,S02,P02,13,1105.0
2026-06-24,S02,P02,13,1105.0
2026-06-25,S02,P02,7,595.0
2026-06-26,S02,P02,13,1105.0
2026-06-27,S02,P02,9,765.0
2026-06-28,S02,P02,12,1020.0
2026-06-29,S02,P02,12,1020.0
2026-06-30,S02,P02,12,1020.0
2026-07-01,S02,P02,13,1105.0
2026-07-02,S02,P02,11,935.0
2026-07-03,S02,P02,10,850.0
2026-07-04,S02,P02,17,1445.0
2026-07-05,S02,P02,12,1020.0
2026-07-06,S02,P02,12,1020.0
2026-07-07,S02,P02,12,1020.0
2026-07-08,S02,P02,9,765.0
2026-07-09,S02,P02,11,935.0
2026-07-10,S02,P02,11,935.0
2026-07-11,S02,P02,13,1105.0
2026-07-12,S02,P02,14,1190.0
2026-07-13,S02,P02,9,765.0
2026-07-14,S02,P02,8,680.0
2026-07-15,S02,P02,10,850.0
2026-07-16,S02,P02,10,850.0
2026-07-17,S02,P02,11,935.0
2026-07-18,S02,P02,11,935.0
2026-07-19,S02,P02,9,765.0
2026-07-20,S02,P02,7,595.0
2026-07-21,S02,P02,9,765.0
2026-07-22,S02,P02,11,935.0
2026-07-23,S02,P02,10,850.0
2026-07-24,S02,P02,10,850.0
2026-07-25,S02,P02,16,1360.0
2026-07-26,S02,P02,11,935.0
2026-07-27,S02,P02,9,765.0
2026-07-28,S02,P02,9,765.0
2026-07-29,S02,P02,13,1105.0
2026-07-30,S02,P02,11,935.0
2026-07-31,S02,P02,8,680.0
2026-08-01,S02,P02,15,1275.0
2026-08-02,S02,P02,12,1020.0
2026-08-03,S02,P02,12,1020.0
2026-08-04,S02,P02,12,1020.0
2026-08-05,S02,P02,7,595.0
2026-08-06,S02,P02,8,680.0
2026-08-07,S02,P02,8,680.0
2026-08-08,S02,P02,9,765.0
2026-08-09,S02,P02,14,1190.0
2026-08-10,S02,P02,11,935.0
2026-08-11,S02,P02,7,595.0
2026-08-12,S02,P02,11,935.0
2026-08-13,S02,P02,9,765.0
2026-08-14,S02,P02,8,680.0
2026-08-15,S02,P02,11,935.0
2026-08-16,S02,P02,16,1360.0
2026-08-17,S02,P02,7,595.0
2026-08-18,S02,P02,10,850.0
2026-08-19,S02,P02,9,765.0
2026-08-20,S02,P02,12,1020.0
2026-08-21,S02,P02,11,935.0
2026-08-22,S02,P02,12,1020.0
2026-08-23,S02,P02,14,1190.0
2026-08-24,S02,P02,11,935.0
2026-08-25,S02,P02,9,765.0
2026-08-26,S02,P02,9,765.0
2026-08-27,S02,P02,8,680.0
2026-08-28,S02,P02,11,935.0
2026-06-15,S02,P03,6,720.0
2026-06-16,S02,P03,7,840.0
2026-06-17,S02,P03,7,840.0
2026-06-18,S02,P03,8,960.0
2026-06-19,S02,P03,6,720.0
2026-06-20,S02,P03,10,1200.0
2026-06-21,S02,P03,9,1080.0
2026-06-22,S02,P03,5,600.0
2026-06-23,S02,P03,6,720.0
2026-06-24,S02,P03,8,960.0
2026-06-25,S02,P03,7,840.0
2026-06-26,S02,P03,7,840.0
2026-06-27,S02,P03,10,1200.0
2026-06-28,S02,P03,9,1080.0
2026-06-29,S02,P03,6,720.0
2026-06-30,S02,P03,6,720.0
2026-07-01,S02,P03,7,840.0
2026-07-02,S02,P03,6,720.0
2026-07-03,S02,P03,6,720.0
2026-07-04,S02,P03,11,1320.0
2026-07-05,S02,P03,7,840.0
2026-07-06,S02,P03,7,840.0
2026-07-07,S02,P03,5,600.0
2026-07-08,S02,P03,7,840.0
2026-07-09,S02,P03,7,840.0
2026-07-15,S02,P03,7,840.0
2026-07-16,S02,P03,7,840.0
2026-07-17,S02,P03,6,720.0
2026-07-18,S02,P03,8,960.0
2026-07-19,S02,P03,7,840.0
2026-07-20,S02,P03,0,0.0
2026-07-21,S02,P03,0,0.0
2026-07-22,S02,P03,0,0.0
2026-07-23,S02,P03,7,840.0
2026-07-24,S02,P03,6,720.0
2026-07-25,S02,P03,9,1080.0
2026-07-26,S02,P03,11,1320.0
2026-07-27,S02,P03,5,600.0
2026-07-28,S02,P03,6,720.0
2026-07-29,S02,P03,7,840.0
2026-07-30,S02,P03,5,600.0
2026-07-31,S02,P03,5,600.0
2026-08-01,S02,P03,11,1320.0
2026-08-02,S02,P03,10,1200.0
2026-08-03,S02,P03,8,960.0
2026-08-04,S02,P03,6,720.0
2026-08-05,S02,P03,6,720.0
2026-08-06,S02,P03,9,1080.0
2026-08-07,S02,P03,6,720.0
2026-08-08,S02,P03,11,1320.0
2026-08-09,S02,P03,8,960.0
2026-08-10,S02,P03,6,720.0
2026-08-11,S02,P03,8,960.0
2026-08-12,S02,P03,8,960.0
2026-08-13,S02,P03,8,960.0
2026-08-14,S02,P03,9,1080.0
2026-08-15,S02,P03,10,1200.0
2026-08-16,S02,P03,10,1200.0
2026-08-17,S02,P03,7,840.0
2026-08-18,S02,P03,6,720.0
2026-08-19,S02,P03,6,720.0
2026-08-20,S02,P03,6,720.0
2026-08-21,S02,P03,7,840.0
2026-08-22,S02,P03,10,1200.0
2026-08-23,S02,P03,8,960.0
2026-08-24,S02,P03,6,720.0
2026-08-25,S02,P03,9,1080.0
2026-08-26,S02,P03,7,840.0
2026-08-27,S02,P03,8,960.0
2026-08-28,S02,P03,8,960.0
2026-06-15,S02,P04,6,960.0
2026-06-16,S02,P04,5,800.0
2026-06-17,S02,P04,5,800.0
2026-06-18,S02,P04,5,800.0
2026-06-19,S02,P04,4,640.0
2026-06-20,S02,P04,5,800.0
2026-06-21,S02,P04,6,960.0
2026-06-22,S02,P04,6,960.0
2026-06-23,S02,P04,5,800.0
2026-06-24,S02,P04,5,800.0
2026-06-25,S02,P04,4,640.0
2026-06-26,S02,P04,4,640.0
2026-06-27,S02,P04,6,960.0
2026-06-28,S02,P04,8,1280.0
2026-06-29,S02,P04,5,800.0
2026-06-30,S02,P04,5,800.0
2026-07-01,S02,P04,6,960.0
2026-07-02,S02,P04,4,640.0
2026-07-03,S02,P04,6,960.0
2026-07-04,S02,P04,8,1280.0
2026-07-05,S02,P04,7,1120.0
2026-07-06,S02,P04,5,800.0
2026-07-07,S02,P04,4,640.0
2026-07-08,S02,P04,6,960.0
2026-07-09,S02,P04,4,640.0
2026-07-10,S02,P04,6,960.0
2026-07-11,S02,P04,6,960.0
2026-07-12,S02,P04,8,1280.0
2026-07-13,S02,P04,5,800.0
2026-07-14,S02,P04,5,800.0
2026-07-15,S02,P04,4,640.0
2026-07-16,S02,P04,4,640.0
2026-07-17,S02,P04,6,960.0
2026-07-18,S02,P04,8,1280.0
2026-07-19,S02,P04,7,1120.0
2026-07-20,S02,P04,6,960.0
2026-07-21,S02,P04,5,800.0
2026-07-22,S02,P04,6,960.0
2026-07-23,S02,P04,4,640.0
2026-07-24,S02,P04,6,960.0
2026-07-25,S02,P04,5,800.0
2026-07-26,S02,P04,7,1120.0
2026-07-27,S02,P04,5,800.0
2026-07-28,S02,P04,5,800.0
2026-07-29,S02,P04,6,960.0
2026-07-30,S02,P04,5,800.0
2026-07-31,S02,P04,5,800.0
2026-08-01,S02,P04,6,960.0
2026-08-02,S02,P04,5,800.0
2026-08-03,S02,P04,5,800.0
2026-08-04,S02,P04,4,640.0
2026-08-05,S02,P04,5,800.0
2026-08-06,S02,P04,4,640.0
2026-08-07,S02,P04,6,960.0
2026-08-08,S02,P04,5,800.0
2026-08-09,S02,P04,8,1280.0
2026-08-10,S02,P04,6,960.0
2026-08-11,S02,P04,6,960.0
2026-08-12,S02,P04,6,960.0
2026-08-13,S02,P04,4,640.0
2026-08-14,S02,P04,4,640.0
2026-08-15,S02,P04,5,800.0
2026-08-16,S02,P04,5,800.0
2026-08-17,S02,P04,5,800.0
2026-08-18,S02,P04,6,960.0
2026-08-19,S02,P04,4,640.0
2026-08-20,S02,P04,5,800.0
2026-08-21,S02,P04,5,800.0
2026-08-22,S02,P04,6,960.0
2026-08-23,S02,P04,7,1120.0
2026-08-24,S02,P04,6,960.0
2026-08-25,S02,P04,4,640.0
2026-08-26,S02,P04,6,960.0
2026-08-27,S02,P04,6,960.0
2026-08-28,S02,P04,5,800.0
2026-06-15,S02,P05,6,660.0
2026-06-16,S02,P05,7,770.0
2026-06-17,S02,P05,8,880.0
2026-06-18,S02,P05,6,660.0
2026-06-19,S02,P05,6,660.0
2026-06-20,S02,P05,8,880.0
2026-06-21,S02,P05,10,1100.0
2026-06-22,S02,P05,8,880.0
2026-06-23,S02,P05,9,990.0
2026-06-24,S02,P05,8,880.0
2026-06-25,S02,P05,10,1100.0
2026-06-26,S02,P05,6,660.0
2026-06-27,S02,P05,11,1210.0
2026-06-28,S02,P05,8,880.0
2026-06-29,S02,P05,7,770.0
2026-06-30,S02,P05,10,1100.0
2026-07-01,S02,P05,10,1100.0
2026-07-02,S02,P05,8,880.0
2026-07-03,S02,P05,6,660.0
2026-07-04,S02,P05,8,880.0
2026-07-05,S02,P05,13,1430.0
2026-07-06,S02,P05,10,1100.0
2026-07-07,S02,P05,8,880.0
2026-07-08,S02,P05,6,660.0
2026-07-09,S02,P05,10,1100.0
2026-07-10,S02,P05,7,770.0
2026-07-11,S02,P05,13,1430.0
2026-07-12,S02,P05,11,1210.0
2026-07-13,S02,P05,9,990.0
2026-07-14,S02,P05,9,990.0
2026-07-15,S02,P05,8,880.0
2026-07-16,S02,P05,6,660.0
2026-07-17,S02,P05,6,660.0
2026-07-18,S02,P05,9,990.0
2026-07-19,S02,P05,12,1320.0
2026-07-20,S02,P05,7,770.0
2026-07-21,S02,P05,10,1100.0
2026-07-22,S02,P05,7,770.0
2026-07-23,S02,P05,9,990.0
2026-07-24,S02,P05,6,660.0
2026-07-25,S02,P05,13,1430.0
2026-07-26,S02,P05,12,1320.0
2026-07-27,S02,P05,8,880.0
2026-07-28,S02,P05,10,1100.0
2026-07-29,S02,P05,6,660.0
2026-07-30,S02,P05,8,880.0
2026-07-31,S02,P05,10,1100.0
2026-08-01,S02,P05,9,990.0
2026-08-02,S02,P05,12,1320.0
2026-08-03,S02,P05,10,1100.0
2026-08-04,S02,P05,8,880.0
2026-08-05,S02,P05,9,990.0
2026-08-06,S02,P05,6,660.0
2026-08-07,S02,P05,7,770.0
2026-08-08,S02,P05,13,1430.0
2026-08-09,S02,P05,10,1100.0
2026-08-10,S02,P05,7,770.0
2026-08-11,S02,P05,10,1100.0
2026-08-12,S02,P05,8,880.0
2026-08-13,S02,P05,9,990.0
2026-08-14,S02,P05,9,990.0
2026-08-15,S02,P05,8,880.0
2026-08-16,S02,P05,11,1210.0
2026-08-17,S02,P05,9,990.0
2026-08-18,S02,P05,9,990.0
2026-08-19,S02,P05,6,660.0
2026-08-20,S02,P05,6,660.0
2026-08-21,S02,P05,9,990.0
2026-08-22,S02,P05,11,1210.0
2026-08-23,S02,P05,12,1320.0
2026-08-24,S02,P05,7,770.0
2026-08-25,S02,P05,6,660.0
2026-08-26,S02,P05,6,660.0
2026-08-27,S02,P05,7,770.0
2026-08-28,S02,P05,7,770.0
2026-06-15,S02,P06,9,1350.0
2026-06-16,S02,P06,12,1800.0
2026-06-17,S02,P06,12,1800.0
2026-06-18,S02,P06,12,1800.0
2026-06-19,S02,P06,9,1350.0
2026-06-20,S02,P06,12,1800.0
2026-06-21,S02,P06,16,2400.0
2026-06-22,S02,P06,13,1950.0
2026-06-23,S02,P06,14,2100.0
2026-06-24,S02,P06,15,2250.0
2026-06-25,S02,P06,8,1200.0
2026-06-26,S02,P06,11,1650.0
2026-06-27,S02,P06,18,2700.0
2026-06-28,S02,P06,18,2700.0
2026-06-29,S02,P06,12,1800.0
2026-06-30,S02,P06,16,2400.0
2026-07-01,S02,P06,10,1500.0
2026-07-02,S02,P06,12,1800.0
2026-07-03,S02,P06,13,1950.0
2026-07-04,S02,P06,13,1950.0
2026-07-05,S02,P06,13,1950.0
2026-07-06,S02,P06,10,1500.0
2026-07-07,S02,P06,9,1350.0
2026-07-08,S02,P06,10,1500.0
2026-07-09,S02,P06,10,1500.0
2026-07-10,S02,P06,11,1650.0
2026-07-11,S02,P06,18,2700.0
2026-07-12,S02,P06,14,2100.0
2026-07-13,S02,P06,15,2250.0
2026-07-14,S02,P06,14,2100.0
2026-07-15,S02,P06,12,1800.0
2026-07-16,S02,P06,13,1950.0
2026-07-17,S02,P06,12,1800.0
2026-07-18,S02,P06,12,1800.0
2026-07-19,S02,P06,11,1650.0
2026-07-20,S02,P06,11,1650.0
2026-07-21,S02,P06,14,2100.0
2026-07-22,S02,P06,11,1650.0
2026-07-23,S02,P06,15,2250.0
2026-07-24,S02,P06,12,1800.0
2026-07-25,S02,P06,15,2250.0
2026-07-26,S02,P06,19,2850.0
2026-07-27,S02,P06,13,1950.0
2026-07-28,S02,P06,13,1950.0
2026-07-29,S02,P06,11,1650.0
2026-07-30,S02,P06,13,1950.0
2026-07-31,S02,P06,13,1950.0
2026-08-01,S02,P06,15,2250.0
2026-08-02,S02,P06,13,1950.0
2026-08-03,S02,P06,11,1650.0
2026-08-04,S02,P06,11,1650.0
2026-08-05,S02,P06,14,2100.0
2026-08-06,S02,P06,13,1950.0
2026-08-07,S02,P06,15,2250.0
2026-08-08,S02,P06,18,2700.0
2026-08-09,S02,P06,14,2100.0
2026-08-10,S02,P06,10,1500.0
2026-08-11,S02,P06,14,2100.0
2026-08-12,S02,P06,11,1650.0
2026-08-13,S02,P06,15,2250.0
2026-08-14,S02,P06,10,1500.0
2026-08-15,S02,P06,20,3000.0
2026-08-16,S02,P06,13,1950.0
2026-08-17,S02,P06,14,2100.0
2026-08-18,S02,P06,9,1350.0
2026-08-19,S02,P06,14,2100.0
2026-08-20,S02,P06,15,2250.0
2026-08-21,S02,P06,10,1500.0
2026-08-22,S02,P06,18,2700.0
2026-08-23,S02,P06,19,2850.0
2026-08-24,S02,P06,9,1350.0
2026-08-25,S02,P06,15,2250.0
2026-08-26,S02,P06,14,2100.0
2026-08-27,S02,P06,13,1950.0
2026-08-28,S02,P06,9,1350.0
2026-06-15,S02,P07,4,960.0
2026-06-16,S02,P07,5,1200.0
2026-06-17,S02,P07,5,1200.0
2026-06-18,S02,P07,3,720.0
2026-06-19,S02,P07,5,1200.0
2026-06-20,S02,P07,5,1200.0
2026-06-21,S02,P07,5,1200.0
2026-06-22,S02,P07,4,960.0
2026-06-23,S02,P07,5,1200.0
2026-06-24,S02,P07,4,960.0
2026-06-25,S02,P07,4,960.0
2026-06-26,S02,P07,5,1200.0
2026-06-27,S02,P07,5,1200.0
2026-06-28,S02,P07,6,1440.0
2026-06-29,S02,P07,4,960.0
2026-06-30,S02,P07,4,960.0
2026-07-01,S02,P07,3,720.0
2026-07-02,S02,P07,5,1200.0
2026-07-03,S02,P07,4,960.0
2026-07-04,S02,P07,5,1200.0
2026-07-05,S02,P07,6,1440.0
2026-07-06,S02,P07,3,720.0
2026-07-07,S02,P07,5,1200.0
2026-07-08,S02,P07,4,960.0
2026-07-09,S02,P07,4,960.0
2026-07-10,S02,P07,5,1200.0
2026-07-11,S02,P07,7,1680.0
2026-07-12,S02,P07,5,1200.0
2026-07-13,S02,P07,3,720.0
2026-07-14,S02,P07,3,720.0
2026-07-15,S02,P07,4,960.0
2026-07-16,S02,P07,4,960.0
2026-07-17,S02,P07,4,960.0
2026-07-18,S02,P07,5,1200.0
2026-07-19,S02,P07,5,1200.0
2026-07-20,S02,P07,4,960.0
2026-07-21,S02,P07,5,1200.0
2026-07-22,S02,P07,4,960.0
2026-07-23,S02,P07,4,960.0
2026-07-24,S02,P07,4,960.0
2026-07-25,S02,P07,4,960.0
2026-07-26,S02,P07,4,960.0
2026-07-27,S02,P07,4,960.0
2026-07-28,S02,P07,5,1200.0
2026-07-29,S02,P07,3,720.0
2026-07-30,S02,P07,5,1200.0
2026-07-31,S02,P07,3,720.0
2026-08-01,S02,P07,5,1200.0
2026-08-02,S02,P07,5,1200.0
2026-08-03,S02,P07,3,720.0
2026-08-04,S02,P07,4,960.0
2026-08-05,S02,P07,4,960.0
2026-08-06,S02,P07,4,960.0
2026-08-07,S02,P07,4,960.0
2026-08-08,S02,P07,5,1200.0
2026-08-09,S02,P07,5,1200.0
2026-08-10,S02,P07,5,1200.0
2026-08-11,S02,P07,3,720.0
2026-08-12,S02,P07,5,1200.0
2026-08-13,S02,P07,4,960.0
2026-08-14,S02,P07,4,960.0
2026-08-15,S02,P07,4,960.0
2026-08-16,S02,P07,7,1680.0
2026-08-17,S02,P07,3,720.0
2026-08-18,S02,P07,3,720.0
2026-08-19,S02,P07,3,720.0
2026-08-20,S02,P07,4,960.0
2026-08-21,S02,P07,5,1200.0
2026-08-22,S02,P07,4,960.0
2026-08-23,S02,P07,5,1200.0
2026-08-24,S02,P07,3,720.0
2026-08-25,S02,P07,4,960.0
2026-08-26,S02,P07,4,960.0
2026-08-27,S02,P07,3,720.0
2026-08-28,S02,P07,4,960.0
2026-06-15,S02,P08,13,780.0
2026-06-16,S02,P08,16,960.0
2026-06-17,S02,P08,12,720.0
2026-06-18,S02,P08,16,960.0
2026-06-19,S02,P08,17,1020.0
2026-06-20,S02,P08,13,780.0
2026-06-21,S02,P08,14,840.0
2026-06-22,S02,P08,17,1020.0
2026-06-23,S02,P08,11,660.0
2026-06-24,S02,P08,13,780.0
2026-06-25,S02,P08,14,840.0
2026-06-26,S02,P08,12,720.0
2026-06-27,S02,P08,22,1320.0
2026-06-28,S02,P08,19,1140.0
2026-06-29,S02,P08,15,900.0
2026-06-30,S02,P08,15,900.0
2026-07-01,S02,P08,15,900.0
2026-07-02,S02,P08,15,900.0
2026-07-03,S02,P08,13,780.0
2026-07-04,S02,P08,22,1320.0
2026-07-05,S02,P08,19,1140.0
2026-07-06,S02,P08,17,1020.0
2026-07-07,S02,P08,16,960.0
2026-07-08,S02,P08,12,720.0
2026-07-09,S02,P08,15,900.0
2026-07-10,S02,P08,11,660.0
2026-07-11,S02,P08,14,840.0
2026-07-12,S02,P08,14,840.0
2026-07-13,S02,P08,12,720.0
2026-07-14,S02,P08,11,660.0
2026-07-15,S02,P08,16,960.0
2026-07-16,S02,P08,14,840.0
2026-07-17,S02,P08,13,780.0
2026-07-18,S02,P08,14,840.0
2026-07-19,S02,P08,17,1020.0
2026-07-20,S02,P08,11,660.0
2026-07-21,S02,P08,15,900.0
2026-07-22,S02,P08,16,960.0
2026-07-23,S02,P08,15,900.0
2026-07-24,S02,P08,18,1080.0
2026-07-25,S02,P08,19,1140.0
2026-07-26,S02,P08,18,1080.0
2026-07-27,S02,P08,11,660.0
2026-07-28,S02,P08,12,720.0
2026-07-29,S02,P08,14,840.0
2026-07-30,S02,P08,10,600.0
2026-07-31,S02,P08,13,780.0
2026-08-01,S02,P08,13,780.0
2026-08-02,S02,P08,14,840.0
2026-08-03,S02,P08,17,1020.0
2026-08-04,S02,P08,18,1080.0
2026-08-05,S02,P08,14,840.0
2026-08-06,S02,P08,14,840.0
2026-08-07,S02,P08,16,960.0
2026-08-08,S02,P08,17,1020.0
2026-08-09,S02,P08,22,1320.0
2026-08-10,S02,P08,14,840.0
2026-08-11,S02,P08,10,600.0
2026-08-12,S02,P08,10,600.0
2026-08-13,S02,P08,16,960.0
2026-08-14,S02,P08,12,720.0
2026-08-15,S02,P08,16,960.0
2026-08-16,S02,P08,19,1140.0
2026-08-17,S02,P08,11,660.0
2026-08-18,S02,P08,14,840.0
2026-08-19,S02,P08,16,960.0
2026-08-20,S02,P08,16,960.0
2026-08-21,S02,P08,14,840.0
2026-08-22,S02,P08,14,840.0
2026-08-23,S02,P08,14,840.0
2026-08-24,S02,P08,16,960.0
2026-08-25,S02,P08,17,1020.0
2026-08-26,S02,P08,13,780.0
2026-08-27,S02,P08,17,1020.0
2026-08-28,S02,P08,10,600.0
2026-06-15,S02,P09,10,900.0
2026-06-16,S02,P09,6,540.0
2026-06-17,S02,P09,10,900.0
2026-06-18,S02,P09,9,810.0
2026-06-19,S02,P09,7,630.0
2026-06-20,S02,P09,14,1260.0
2026-06-21,S02,P09,10,900.0
2026-06-22,S02,P09,7,630.0
2026-06-23,S02,P09,10,900.0
2026-06-24,S02,P09,8,720.0
2026-06-25,S02,P09,10,900.0
2026-06-26,S02,P09,9,810.0
2026-06-27,S02,P09,9,810.0
2026-06-28,S02,P09,12,1080.0
2026-06-29,S02,P09,8,720.0
2026-06-30,S02,P09,7,630.0
2026-07-01,S02,P09,9,810.0
2026-07-02,S02,P09,9,810.0
2026-07-03,S02,P09,6,540.0
2026-07-04,S02,P09,8,720.0
2026-07-05,S02,P09,9,810.0
2026-07-06,S02,P09,7,630.0
2026-07-07,S02,P09,6,540.0
2026-07-08,S02,P09,7,630.0
2026-07-09,S02,P09,7,630.0
2026-07-10,S02,P09,8,720.0
2026-07-11,S02,P09,9,810.0
2026-07-12,S02,P09,12,1080.0
2026-07-13,S02,P09,7,630.0
2026-07-14,S02,P09,7,630.0
2026-07-15,S02,P09,10,900.0
2026-07-16,S02,P09,10,900.0
2026-07-17,S02,P09,9,810.0
2026-07-18,S02,P09,8,720.0
2026-07-19,S02,P09,13,1170.0
2026-07-20,S02,P09,9,810.0
2026-07-21,S02,P09,10,900.0
2026-07-22,S02,P09,10,900.0
2026-07-23,S02,P09,10,900.0
2026-07-24,S02,P09,6,540.0
2026-07-25,S02,P09,13,1170.0
2026-07-26,S02,P09,9,810.0
2026-07-27,S02,P09,9,810.0
2026-07-28,S02,P09,10,900.0
2026-07-29,S02,P09,9,810.0
2026-07-30,S02,P09,9,810.0
2026-07-31,S02,P09,8,720.0
2026-08-01,S02,P09,11,990.0
2026-08-02,S02,P09,9,810.0
2026-08-03,S02,P09,8,720.0
2026-08-04,S02,P09,8,720.0
2026-08-05,S02,P09,9,810.0
2026-08-06,S02,P09,10,900.0
2026-08-07,S02,P09,6,540.0
2026-08-08,S02,P09,10,900.0
2026-08-09,S02,P09,9,810.0
2026-08-10,S02,P09,10,900.0
2026-08-11,S02,P09,7,630.0
2026-08-12,S02,P09,10,900.0
2026-08-13,S02,P09,7,630.0
2026-08-14,S02,P09,6,540.0
2026-08-15,S02,P09,12,1080.0
2026-08-16,S02,P09,12,1080.0
2026-08-17,S02,P09,9,810.0
2026-08-18,S02,P09,8,720.0
2026-08-19,S02,P09,9,810.0
2026-08-20,S02,P09,7,630.0
2026-08-21,S02,P09,6,540.0
2026-08-22,S02,P09,11,990.0
2026-08-23,S02,P09,9,810.0
2026-08-24,S02,P09,8,720.0
2026-08-25,S02,P09,7,630.0
2026-08-26,S02,P09,7,630.0
2026-08-27,S02,P09,10,900.0
2026-08-28,S02,P09,7,630.0
2026-06-15,S02,P10,7,910.0
2026-06-16,S02,P10,7,910.0
2026-06-17,S02,P10,7,910.0
2026-06-18,S02,P10,4,520.0
2026-06-19,S02,P10,6,780.0
2026-06-20,S02,P10,9,1170.0
2026-06-21,S02,P10,6,780.0
2026-06-22,S02,P10,8,1040.0
2026-06-23,S02,P10,5,650.0
2026-06-24,S02,P10,6,780.0
2026-06-25,S02,P10,8,1040.0
2026-06-26,S02,P10,6,780.0
2026-06-27,S02,P10,10,1300.0
2026-06-28,S02,P10,10,1300.0
2026-06-29,S02,P10,7,910.0
2026-06-30,S02,P10,5,650.0
2026-07-01,S02,P10,7,910.0
2026-07-02,S02,P10,7,910.0
2026-07-03,S02,P10,5,650.0
2026-07-04,S02,P10,7,910.0
2026-07-05,S02,P10,6,780.0
2026-07-06,S02,P10,7,910.0
2026-07-07,S02,P10,7,910.0
2026-07-08,S02,P10,4,520.0
2026-07-09,S02,P10,6,780.0
2026-07-10,S02,P10,7,910.0
2026-07-11,S02,P10,9,1170.0
2026-07-12,S02,P10,7,910.0
2026-07-13,S02,P10,5,650.0
2026-07-14,S02,P10,5,650.0
2026-07-15,S02,P10,5,650.0
2026-07-16,S02,P10,4,520.0
2026-07-17,S02,P10,6,780.0
2026-07-18,S02,P10,8,1040.0
2026-07-19,S02,P10,8,1040.0
2026-07-20,S02,P10,4,520.0
2026-07-21,S02,P10,5,650.0
2026-07-22,S02,P10,5,650.0
2026-07-23,S02,P10,7,910.0
2026-07-24,S02,P10,7,910.0
2026-07-25,S02,P10,8,1040.0
2026-07-26,S02,P10,7,910.0
2026-07-27,S02,P10,5,650.0
2026-07-28,S02,P10,7,910.0
2026-07-29,S02,P10,5,650.0
2026-07-30,S02,P10,6,780.0
2026-07-31,S02,P10,5,650.0
2026-08-01,S02,P10,7,910.0
2026-08-02,S02,P10,9,1170.0
2026-08-03,S02,P10,7,910.0
2026-08-04,S02,P10,7,910.0
2026-08-05,S02,P10,7,910.0
2026-08-06,S02,P10,4,520.0
2026-08-07,S02,P10,6,780.0
2026-08-08,S02,P10,8,1040.0
2026-08-09,S02,P10,6,780.0
2026-08-10,S02,P10,5,650.0
2026-08-11,S02,P10,5,650.0
2026-08-12,S02,P10,7,910.0
2026-08-13,S02,P10,8,1040.0
2026-08-14,S02,P10,6,780.0
2026-08-15,S02,P10,8,1040.0
2026-08-16,S02,P10,6,780.0
2026-08-17,S02,P10,7,910.0
2026-08-18,S02,P10,5,650.0
2026-08-19,S02,P10,5,650.0
2026-08-20,S02,P10,7,910.0
2026-08-21,S02,P10,5,650.0
2026-08-22,S02,P10,7,910.0
2026-08-23,S02,P10,9,1170.0
2026-08-24,S02,P10,5,650.0
2026-08-25,S02,P10,7,910.0
2026-08-26,S02,P10,5,650.0
2026-08-27,S02,P10,6,780.0
2026-08-28,S02,P10,7,910.0
2026-06-15,S02,P11,4,2200.0
2026-06-16,S02,P11,3,1650.0
2026-06-17,S02,P11,3,1650.0
2026-06-18,S02,P11,3,1650.0
2026-06-19,S02,P11,3,1650.0
2026-06-20,S02,P11,4,2200.0
2026-06-21,S02,P11,3,1650.0
2026-06-22,S02,P11,2,1100.0
2026-06-23,S02,P11,4,2200.0
2026-06-24,S02,P11,4,2200.0
2026-06-25,S02,P11,3,1650.0
2026-06-26,S02,P11,2,1100.0
2026-06-27,S02,P11,4,2200.0
2026-06-28,S02,P11,4,2200.0
2026-06-29,S02,P11,3,1650.0
2026-06-30,S02,P11,4,2200.0
2026-07-01,S02,P11,4,2200.0
2026-07-02,S02,P11,4,2200.0
2026-07-03,S02,P11,2,1100.0
2026-07-04,S02,P11,5,2750.0
2026-07-05,S02,P11,4,2200.0
2026-07-06,S02,P11,3,1650.0
2026-07-07,S02,P11,3,1650.0
2026-07-08,S02,P11,3,1650.0
2026-07-09,S02,P11,4,2200.0
2026-07-10,S02,P11,3,1650.0
2026-07-11,S02,P11,3,1650.0
2026-07-12,S02,P11,3,1650.0
2026-07-13,S02,P11,3,1650.0
2026-07-14,S02,P11,2,1100.0
2026-07-15,S02,P11,2,1100.0
2026-07-16,S02,P11,4,2200.0
2026-07-17,S02,P11,3,1650.0
2026-07-18,S02,P11,4,2200.0
2026-07-19,S02,P11,4,2200.0
2026-07-20,S02,P11,3,1650.0
2026-07-21,S02,P11,3,1650.0
2026-07-22,S02,P11,2,1100.0
2026-07-23,S02,P11,3,1650.0
2026-07-24,S02,P11,3,1650.0
2026-07-25,S02,P11,3,1650.0
2026-07-26,S02,P11,3,1650.0
2026-07-27,S02,P11,3,1650.0
2026-07-28,S02,P11,2,1100.0
2026-07-29,S02,P11,4,2200.0
2026-07-30,S02,P11,3,1650.0
2026-07-31,S02,P11,3,1650.0
2026-08-01,S02,P11,4,2200.0
2026-08-02,S02,P11,5,2750.0
2026-08-03,S02,P11,3,1650.0
2026-08-04,S02,P11,2,1100.0
2026-08-05,S02,P11,3,1650.0
2026-08-06,S02,P11,3,1650.0
2026-08-07,S02,P11,4,2200.0
2026-08-08,S02,P11,3,1650.0
2026-08-09,S02,P11,3,1650.0
2026-08-10,S02,P11,3,1650.0
2026-08-11,S02,P11,3,1650.0
2026-08-12,S02,P11,3,1650.0
2026-08-13,S02,P11,3,1650.0
2026-08-14,S02,P11,3,1650.0
2026-08-15,S02,P11,4,2200.0
2026-08-16,S02,P11,3,1650.0
2026-08-17,S02,P11,3,1650.0
2026-08-18,S02,P11,3,1650.0
2026-08-19,S02,P11,2,1100.0
2026-08-20,S02,P11,4,2200.0
2026-08-21,S02,P11,3,1650.0
2026-08-22,S02,P11,5,2750.0
2026-08-23,S02,P11,4,2200.0
2026-08-24,S02,P11,2,1100.0
2026-08-25,S02,P11,2,1100.0
2026-08-26,S02,P11,4,2200.0
2026-08-27,S02,P11,3,1650.0
2026-08-28,S02,P11,4,2200.0
2026-06-15,S02,P12,1,260.0
2026-06-16,S02,P12,1,260.0
2026-06-17,S02,P12,1,260.0
2026-06-18,S02,P12,2,520.0
2026-06-19,S02,P12,0,0.0
2026-06-20,S02,P12,1,260.0
2026-06-21,S02,P12,2,520.0
2026-06-22,S02,P12,2,520.0
2026-06-23,S02,P12,2,520.0
2026-06-24,S02,P12,0,0.0
2026-06-25,S02,P12,1,260.0
2026-06-26,S02,P12,1,260.0
2026-06-27,S02,P12,2,520.0
2026-06-28,S02,P12,1,260.0
2026-06-29,S02,P12,0,0.0
2026-06-30,S02,P12,1,260.0
2026-07-01,S02,P12,2,520.0
2026-07-02,S02,P12,0,0.0
2026-07-03,S02,P12,1,260.0
2026-07-04,S02,P12,0,0.0
2026-07-05,S02,P12,1,260.0
2026-07-06,S02,P12,0,0.0
2026-07-07,S02,P12,2,520.0
2026-07-08,S02,P12,2,520.0
2026-07-09,S02,P12,2,520.0
2026-07-10,S02,P12,0,0.0
2026-07-11,S02,P12,0,0.0
2026-07-12,S02,P12,2,520.0
2026-07-13,S02,P12,2,520.0
2026-07-14,S02,P12,0,0.0
2026-07-15,S02,P12,0,0.0
2026-07-16,S02,P12,0,0.0
2026-07-17,S02,P12,0,0.0
2026-07-18,S02,P12,0,0.0
2026-07-19,S02,P12,1,260.0
2026-07-20,S02,P12,1,260.0
2026-07-21,S02,P12,1,260.0
2026-07-22,S02,P12,0,0.0
2026-07-23,S02,P12,0,0.0
2026-07-24,S02,P12,0,0.0
2026-07-25,S02,P12,2,520.0
2026-07-26,S02,P12,2,520.0
2026-07-27,S02,P12,2,520.0
2026-07-28,S02,P12,2,520.0
2026-07-29,S02,P12,1,260.0
2026-07-30,S02,P12,0,0.0
2026-07-31,S02,P12,1,260.0
2026-08-01,S02,P12,0,0.0
2026-08-02,S02,P12,1,260.0
2026-08-03,S02,P12,2,520.0
2026-08-04,S02,P12,1,260.0
2026-08-05,S02,P12,1,260.0
2026-08-06,S02,P12,0,0.0
2026-08-07,S02,P12,2,520.0
2026-08-08,S02,P12,1,260.0
2026-08-09,S02,P12,0,0.0
2026-08-10,S02,P12,2,520.0
2026-08-11,S02,P12,2,520.0
2026-08-12,S02,P12,0,0.0
2026-08-13,S02,P12,0,0.0
2026-08-14,S02,P12,0,0.0
2026-08-15,S02,P12,0,0.0
2026-08-16,S02,P12,0,0.0
2026-08-17,S02,P12,0,0.0
2026-08-18,S02,P12,0,0.0
2026-08-19,S02,P12,0,0.0
2026-08-20,S02,P12,0,0.0
2026-08-21,S02,P12,0,0.0
2026-08-22,S02,P12,0,0.0
2026-08-23,S02,P12,0,0.0
2026-08-24,S02,P12,0,0.0
2026-08-25,S02,P12,0,0.0
2026-08-26,S02,P12,0,0.0
2026-08-27,S02,P12,0,0.0
2026-08-28,S02,P12,0,0.0
2026-06-15,S02,P13,4,1280.0
2026-06-16,S02,P13,2,640.0
2026-06-17,S02,P13,3,960.0
2026-06-18,S02,P13,3,960.0
2026-06-19,S02,P13,4,1280.0
2026-06-20,S02,P13,3,960.0
2026-06-21,S02,P13,4,1280.0
2026-06-22,S02,P13,2,640.0
2026-06-23,S02,P13,2,640.0
2026-06-24,S02,P13,3,960.0
2026-06-25,S02,P13,3,960.0
2026-06-26,S02,P13,3,960.0
2026-06-27,S02,P13,4,1280.0
2026-06-28,S02,P13,4,1280.0
2026-06-29,S02,P13,3,960.0
2026-06-30,S02,P13,3,960.0
2026-07-01,S02,P13,2,640.0
2026-07-02,S02,P13,4,1280.0
2026-07-03,S02,P13,3,960.0
2026-07-04,S02,P13,3,960.0
2026-07-05,S02,P13,3,960.0
2026-07-06,S02,P13,3,960.0
2026-07-07,S02,P13,3,960.0
2026-07-08,S02,P13,3,960.0
2026-07-09,S02,P13,4,1280.0
2026-07-10,S02,P13,4,1280.0
2026-07-11,S02,P13,5,1600.0
2026-07-12,S02,P13,3,960.0
2026-07-13,S02,P13,3,960.0
2026-07-14,S02,P13,4,1280.0
2026-07-15,S02,P13,3,960.0
2026-07-16,S02,P13,2,640.0
2026-07-17,S02,P13,3,960.0
2026-07-18,S02,P13,3,960.0
2026-07-19,S02,P13,4,1280.0
2026-07-20,S02,P13,2,640.0
2026-07-21,S02,P13,4,1280.0
2026-07-22,S02,P13,3,960.0
2026-07-23,S02,P13,2,640.0
2026-07-24,S02,P13,4,1280.0
2026-07-25,S02,P13,5,1600.0
2026-07-26,S02,P13,4,1280.0
2026-07-27,S02,P13,3,960.0
2026-07-28,S02,P13,3,960.0
2026-07-29,S02,P13,4,1280.0
2026-07-30,S02,P13,2,640.0
2026-07-31,S02,P13,2,640.0
2026-08-01,S02,P13,3,960.0
2026-08-02,S02,P13,5,1600.0
2026-08-03,S02,P13,2,640.0
2026-08-04,S02,P13,3,960.0
2026-08-05,S02,P13,3,960.0
2026-08-06,S02,P13,4,1280.0
2026-08-07,S02,P13,3,960.0
2026-08-08,S02,P13,3,960.0
2026-08-09,S02,P13,3,960.0
2026-08-10,S02,P13,4,1280.0
2026-08-11,S02,P13,3,960.0
2026-08-12,S02,P13,3,960.0
2026-08-13,S02,P13,3,960.0
2026-08-14,S02,P13,3,960.0
2026-08-15,S02,P13,3,960.0
2026-08-16,S02,P13,3,960.0
2026-08-17,S02,P13,4,1280.0
2026-08-18,S02,P13,3,960.0
2026-08-19,S02,P13,2,640.0
2026-08-20,S02,P13,2,640.0
2026-08-21,S02,P13,3,960.0
2026-08-22,S02,P13,4,1280.0
2026-08-23,S02,P13,4,1280.0
2026-08-24,S02,P13,4,1280.0
2026-08-25,S02,P13,2,640.0
2026-08-26,S02,P13,3,960.0
2026-08-27,S02,P13,3,960.0
2026-08-28,S02,P13,2,640.0
2026-06-15,S02,P14,8,1120.0
2026-06-16,S02,P14,8,1120.0
2026-06-17,S02,P14,5,700.0
2026-06-18,S02,P14,8,1120.0
2026-06-19,S02,P14,6,840.0
2026-06-20,S02,P14,7,980.0
2026-06-21,S02,P14,8,1120.0
2026-06-22,S02,P14,6,840.0
2026-06-23,S02,P14,7,980.0
2026-06-24,S02,P14,8,1120.0
2026-06-25,S02,P14,6,840.0
2026-06-26,S02,P14,9,1260.0
2026-06-27,S02,P14,7,980.0
2026-06-28,S02,P14,9,1260.0
2026-06-29,S02,P14,7,980.0
2026-06-30,S02,P14,8,1120.0
2026-07-01,S02,P14,6,840.0
2026-07-02,S02,P14,7,980.0
2026-07-03,S02,P14,8,1120.0
2026-07-04,S02,P14,7,980.0
2026-07-05,S02,P14,6,840.0
2026-07-06,S02,P14,8,1120.0
2026-07-07,S02,P14,9,1260.0
2026-07-08,S02,P14,5,700.0
2026-07-09,S02,P14,8,1120.0
2026-07-10,S02,P14,6,840.0
2026-07-11,S02,P14,10,1400.0
2026-07-12,S02,P14,10,1400.0
2026-07-13,S02,P14,7,980.0
2026-07-14,S02,P14,6,840.0
2026-07-15,S02,P14,8,1120.0
2026-07-16,S02,P14,5,700.0
2026-07-17,S02,P14,5,700.0
2026-07-18,S02,P14,11,1540.0
2026-07-19,S02,P14,9,1260.0
2026-07-20,S02,P14,5,700.0
2026-07-21,S02,P14,9,1260.0
2026-07-22,S02,P14,8,1120.0
2026-07-23,S02,P14,6,840.0
2026-07-24,S02,P14,5,700.0
2026-07-25,S02,P14,9,1260.0
2026-07-26,S02,P14,7,980.0
2026-07-27,S02,P14,7,980.0
2026-07-28,S02,P14,8,1120.0
2026-07-29,S02,P14,7,980.0
2026-07-30,S02,P14,5,700.0
2026-07-31,S02,P14,8,1120.0
2026-08-01,S02,P14,7,980.0
2026-08-02,S02,P14,8,1120.0
2026-08-03,S02,P14,6,840.0
2026-08-04,S02,P14,6,840.0
2026-08-05,S02,P14,9,1260.0
2026-08-06,S02,P14,5,700.0
2026-08-07,S02,P14,8,1120.0
2026-08-08,S02,P14,8,1120.0
2026-08-09,S02,P14,8,1120.0
2026-08-10,S02,P14,7,980.0
2026-08-11,S02,P14,7,980.0
2026-08-12,S02,P14,5,700.0
2026-08-13,S02,P14,6,840.0
2026-08-14,S02,P14,5,700.0
2026-08-15,S02,P14,7,980.0
2026-08-16,S02,P14,11,1540.0
2026-08-17,S02,P14,7,980.0
2026-08-18,S02,P14,8,1120.0
2026-08-19,S02,P14,8,1120.0
2026-08-20,S02,P14,8,1120.0
2026-08-21,S02,P14,9,1260.0
2026-08-22,S02,P14,11,1540.0
2026-08-23,S02,P14,8,1120.0
2026-08-24,S02,P14,7,980.0
2026-08-25,S02,P14,7,980.0
2026-08-26,S02,P14,9,1260.0
2026-08-27,S02,P14,7,980.0
2026-08-28,S02,P14,7,980.0
2026-06-15,S02,P15,6,1140.0
2026-06-16,S02,P15,4,760.0
2026-06-17,S02,P15,7,1330.0
2026-06-18,S02,P15,5,950.0
2026-06-19,S02,P15,7,1330.0
2026-06-20,S02,P15,8,1520.0
2026-06-21,S02,P15,7,1330.0
2026-06-22,S02,P15,6,1140.0
2026-06-23,S02,P15,5,950.0
2026-06-24,S02,P15,5,950.0
2026-06-25,S02,P15,5,950.0
2026-06-26,S02,P15,5,950.0
2026-06-27,S02,P15,8,1520.0
2026-06-28,S02,P15,9,1710.0
2026-06-29,S02,P15,7,1330.0
2026-06-30,S02,P15,7,1330.0
2026-07-01,S02,P15,8,1520.0
2026-07-02,S02,P15,6,1140.0
2026-07-03,S02,P15,8,1520.0
2026-07-04,S02,P15,7,1330.0
2026-07-05,S02,P15,10,1900.0
2026-07-06,S02,P15,8,1520.0
2026-07-07,S02,P15,5,950.0
2026-07-08,S02,P15,5,950.0
2026-07-09,S02,P15,5,950.0
2026-07-10,S02,P15,7,1330.0
2026-07-11,S02,P15,7,1330.0
2026-07-12,S02,P15,8,1520.0
2026-07-13,S02,P15,7,1330.0
2026-07-14,S02,P15,5,950.0
2026-07-15,S02,P15,6,1140.0
2026-07-16,S02,P15,5,950.0
2026-07-17,S02,P15,8,1520.0
2026-07-18,S02,P15,9,1710.0
2026-07-19,S02,P15,9,1710.0
2026-07-20,S02,P15,8,1520.0
2026-07-21,S02,P15,6,1140.0
2026-07-22,S02,P15,5,950.0
2026-07-23,S02,P15,4,760.0
2026-07-24,S02,P15,4,760.0
2026-07-25,S02,P15,8,1520.0
2026-07-26,S02,P15,6,1140.0
2026-07-27,S02,P15,6,1140.0
2026-07-28,S02,P15,5,950.0
2026-07-29,S02,P15,6,1140.0
2026-07-30,S02,P15,7,1330.0
2026-07-31,S02,P15,5,950.0
2026-08-01,S02,P15,6,1140.0
2026-08-02,S02,P15,9,1710.0
2026-08-03,S02,P15,7,1330.0
2026-08-04,S02,P15,4,760.0
2026-08-05,S02,P15,5,950.0
2026-08-06,S02,P15,7,1330.0
2026-08-07,S02,P15,5,950.0
2026-08-08,S02,P15,6,1140.0
2026-08-09,S02,P15,8,1520.0
2026-08-10,S02,P15,6,1140.0
2026-08-11,S02,P15,4,760.0
2026-08-12,S02,P15,7,1330.0
2026-08-13,S02,P15,7,1330.0
2026-08-14,S02,P15,6,1140.0
2026-08-15,S02,P15,7,1330.0
2026-08-16,S02,P15,7,1330.0
2026-08-17,S02,P15,8,1520.0
2026-08-18,S02,P15,7,1330.0
2026-08-19,S02,P15,6,1140.0
2026-08-20,S02,P15,7,1330.0
2026-08-21,S02,P15,6,1140.0
2026-08-22,S02,P15,7,1330.0
2026-08-23,S02,P15,9,1710.0
2026-08-24,S02,P15,6,1140.0
2026-08-25,S02,P15,7,1330.0
2026-08-26,S02,P15,6,1140.0
2026-08-27,S02,P15,5,950.0
2026-08-28,S02,P15,7,1330.0
2026-06-15,S02,P16,4,840.0
2026-06-16,S02,P16,4,840.0
2026-06-17,S02,P16,3,630.0
2026-06-18,S02,P16,5,1050.0
2026-06-19,S02,P16,5,1050.0
2026-06-20,S02,P16,7,1470.0
2026-06-21,S02,P16,5,1050.0
2026-06-22,S02,P16,5,1050.0
2026-06-23,S02,P16,5,1050.0
2026-06-24,S02,P16,3,630.0
2026-06-25,S02,P16,4,840.0
2026-06-26,S02,P16,5,1050.0
2026-06-27,S02,P16,7,1470.0
2026-06-28,S02,P16,4,840.0
2026-06-29,S02,P16,4,840.0
2026-06-30,S02,P16,5,1050.0
2026-07-01,S02,P16,3,630.0
2026-07-02,S02,P16,5,1050.0
2026-07-03,S02,P16,3,630.0
2026-07-04,S02,P16,7,1470.0
2026-07-05,S02,P16,4,840.0
2026-07-06,S02,P16,5,1050.0
2026-07-07,S02,P16,3,630.0
2026-07-08,S02,P16,5,1050.0
2026-07-09,S02,P16,4,840.0
2026-07-10,S02,P16,5,1050.0
2026-07-11,S02,P16,5,1050.0
2026-07-12,S02,P16,4,840.0
2026-07-13,S02,P16,3,630.0
2026-07-14,S02,P16,3,630.0
2026-07-15,S02,P16,3,630.0
2026-07-16,S02,P16,3,630.0
2026-07-17,S02,P16,3,630.0
2026-07-18,S02,P16,5,1050.0
2026-07-19,S02,P16,6,1260.0
2026-07-20,S02,P16,5,1050.0
2026-07-21,S02,P16,5,1050.0
2026-07-22,S02,P16,4,840.0
2026-07-23,S02,P16,4,840.0
2026-07-24,S02,P16,4,840.0
2026-07-25,S02,P16,4,840.0
2026-07-26,S02,P16,5,1050.0
2026-07-27,S02,P16,5,1050.0
2026-07-28,S02,P16,4,840.0
2026-07-29,S02,P16,4,840.0
2026-07-30,S02,P16,3,630.0
2026-07-31,S02,P16,3,630.0
2026-08-01,S02,P16,6,1260.0
2026-08-02,S02,P16,5,1050.0
2026-08-03,S02,P16,4,840.0
2026-08-04,S02,P16,5,1050.0
2026-08-05,S02,P16,3,630.0
2026-08-06,S02,P16,3,630.0
2026-08-07,S02,P16,4,840.0
2026-08-08,S02,P16,6,1260.0
2026-08-09,S02,P16,5,1050.0
2026-08-10,S02,P16,5,1050.0
2026-08-11,S02,P16,3,630.0
2026-08-12,S02,P16,4,840.0
2026-08-13,S02,P16,4,840.0
2026-08-14,S02,P16,4,840.0
2026-08-15,S02,P16,4,840.0
2026-08-16,S02,P16,7,1470.0
2026-08-17,S02,P16,3,630.0
2026-08-18,S02,P16,5,1050.0
2026-08-19,S02,P16,3,630.0
2026-08-20,S02,P16,3,630.0
2026-08-21,S02,P16,3,630.0
2026-08-22,S02,P16,4,840.0
2026-08-23,S02,P16,6,1260.0
2026-08-24,S02,P16,5,1050.0
2026-08-25,S02,P16,5,1050.0
2026-08-26,S02,P16,3,630.0
2026-08-27,S02,P16,3,630.0
2026-08-28,S02,P16,3,630.0
2026-06-15,S02,P17,4,700.0
2026-06-16,S02,P17,5,875.0
2026-06-17,S02,P17,5,875.0
2026-06-18,S02,P17,4,700.0
2026-06-19,S02,P17,5,875.0
2026-06-20,S02,P17,7,1225.0
2026-06-21,S02,P17,5,875.0
2026-06-22,S02,P17,4,700.0
2026-06-23,S02,P17,4,700.0
2026-06-24,S02,P17,4,700.0
2026-06-25,S02,P17,4,700.0
2026-06-26,S02,P17,6,1050.0
2026-06-27,S02,P17,6,1050.0
2026-06-28,S02,P17,6,1050.0
2026-06-29,S02,P17,5,875.0
2026-06-30,S02,P17,5,875.0
2026-07-01,S02,P17,4,700.0
2026-07-02,S02,P17,5,875.0
2026-07-03,S02,P17,4,700.0
2026-07-04,S02,P17,8,1400.0
2026-07-05,S02,P17,6,1050.0
2026-07-06,S02,P17,5,875.0
2026-07-07,S02,P17,4,700.0
2026-07-08,S02,P17,5,875.0
2026-07-09,S02,P17,4,700.0
2026-07-10,S02,P17,4,700.0
2026-07-11,S02,P17,5,875.0
2026-07-12,S02,P17,7,1225.0
2026-07-13,S02,P17,6,1050.0
2026-07-14,S02,P17,4,700.0
2026-07-15,S02,P17,5,875.0
2026-07-16,S02,P17,5,875.0
2026-07-17,S02,P17,6,1050.0
2026-07-18,S02,P17,7,1225.0
2026-07-19,S02,P17,7,1225.0
2026-07-20,S02,P17,6,1050.0
2026-07-21,S02,P17,6,1050.0
2026-07-22,S02,P17,5,875.0
2026-07-23,S02,P17,5,875.0
2026-07-24,S02,P17,6,1050.0
2026-07-25,S02,P17,6,1050.0
2026-07-26,S02,P17,8,1400.0
2026-07-27,S02,P17,5,875.0
2026-07-28,S02,P17,4,700.0
2026-07-29,S02,P17,6,1050.0
2026-07-30,S02,P17,6,1050.0
2026-07-31,S02,P17,5,875.0
2026-08-01,S02,P17,8,1400.0
2026-08-02,S02,P17,8,1400.0
2026-08-03,S02,P17,6,1050.0
2026-08-04,S02,P17,5,875.0
2026-08-05,S02,P17,4,700.0
2026-08-06,S02,P17,6,1050.0
2026-08-07,S02,P17,4,700.0
2026-08-08,S02,P17,8,1400.0
2026-08-09,S02,P17,8,1400.0
2026-08-10,S02,P17,6,1050.0
2026-08-11,S02,P17,4,700.0
2026-08-12,S02,P17,5,875.0
2026-08-13,S02,P17,6,1050.0
2026-08-14,S02,P17,5,875.0
2026-08-15,S02,P17,8,1400.0
2026-08-16,S02,P17,7,1225.0
2026-08-17,S02,P17,6,1050.0
2026-08-18,S02,P17,4,700.0
2026-08-19,S02,P17,6,1050.0
2026-08-20,S02,P17,6,1050.0
2026-08-21,S02,P17,4,700.0
2026-08-22,S02,P17,6,1050.0
2026-08-23,S02,P17,6,1050.0
2026-08-24,S02,P17,4,700.0
2026-08-25,S02,P17,4,700.0
2026-08-26,S02,P17,5,875.0
2026-08-27,S02,P17,6,1050.0
2026-08-28,S02,P17,6,1050.0
2026-06-15,S02,P18,2,250.0
2026-06-16,S02,P18,2,250.0
2026-06-17,S02,P18,3,375.0
2026-06-18,S02,P18,3,375.0
2026-06-19,S02,P18,4,500.0
2026-06-20,S02,P18,3,375.0
2026-06-21,S02,P18,3,375.0
2026-06-22,S02,P18,4,500.0
2026-06-23,S02,P18,4,500.0
2026-06-24,S02,P18,4,500.0
2026-06-25,S02,P18,4,500.0
2026-06-26,S02,P18,4,500.0
2026-06-27,S02,P18,3,375.0
2026-06-28,S02,P18,4,500.0
2026-06-29,S02,P18,3,375.0
2026-06-30,S02,P18,3,375.0
2026-07-01,S02,P18,2,250.0
2026-07-02,S02,P18,3,375.0
2026-07-03,S02,P18,3,375.0
2026-07-04,S02,P18,4,500.0
2026-07-05,S02,P18,4,500.0
2026-07-06,S02,P18,3,375.0
2026-07-07,S02,P18,4,500.0
2026-07-08,S02,P18,3,375.0
2026-07-09,S02,P18,2,250.0
2026-07-10,S02,P18,3,375.0
2026-07-11,S02,P18,3,375.0
2026-07-12,S02,P18,4,500.0
2026-07-13,S02,P18,3,375.0
2026-07-14,S02,P18,4,500.0
2026-07-15,S02,P18,3,375.0
2026-07-16,S02,P18,4,500.0
2026-07-17,S02,P18,4,500.0
2026-07-18,S02,P18,4,500.0
2026-07-19,S02,P18,5,625.0
2026-07-20,S02,P18,3,375.0
2026-07-21,S02,P18,3,375.0
2026-07-22,S02,P18,3,375.0
2026-07-23,S02,P18,3,375.0
2026-07-24,S02,P18,3,375.0
2026-07-25,S02,P18,4,500.0
2026-07-26,S02,P18,4,500.0
2026-07-27,S02,P18,2,250.0
2026-07-28,S02,P18,3,375.0
2026-07-29,S02,P18,4,500.0
2026-07-30,S02,P18,3,375.0
2026-07-31,S02,P18,3,375.0
2026-08-01,S02,P18,4,500.0
2026-08-02,S02,P18,4,500.0
2026-08-03,S02,P18,2,250.0
2026-08-04,S02,P18,4,500.0
2026-08-05,S02,P18,2,250.0
2026-08-06,S02,P18,3,375.0
2026-08-07,S02,P18,3,375.0
2026-08-08,S02,P18,5,625.0
2026-08-09,S02,P18,4,500.0
2026-08-10,S02,P18,3,375.0
2026-08-11,S02,P18,2,250.0
2026-08-12,S02,P18,4,500.0
2026-08-13,S02,P18,2,250.0
2026-08-14,S02,P18,2,250.0
2026-08-15,S02,P18,3,375.0
2026-08-16,S02,P18,3,375.0
2026-08-17,S02,P18,3,375.0
2026-08-18,S02,P18,2,250.0
2026-08-19,S02,P18,3,375.0
2026-08-20,S02,P18,3,375.0
2026-08-21,S02,P18,3,375.0
2026-08-22,S02,P18,5,625.0
2026-08-23,S02,P18,4,500.0
2026-08-24,S02,P18,3,375.0
2026-08-25,S02,P18,3,375.0
2026-08-26,S02,P18,3,375.0
2026-08-27,S02,P18,4,500.0
2026-08-28,S02,P18,3,375.0
2026-06-15,S02,P19,2,560.0
2026-06-16,S02,P19,4,1120.0
2026-06-17,S02,P19,3,840.0
2026-06-18,S02,P19,3,840.0
2026-06-19,S02,P19,3,840.0
2026-06-20,S02,P19,4,1120.0
2026-06-21,S02,P19,3,840.0
2026-06-22,S02,P19,3,840.0
2026-06-23,S02,P19,4,1120.0
2026-06-24,S02,P19,4,1120.0
2026-06-25,S02,P19,3,840.0
2026-06-26,S02,P19,3,840.0
2026-06-27,S02,P19,3,840.0
2026-06-28,S02,P19,4,1120.0
2026-06-29,S02,P19,2,560.0
2026-06-30,S02,P19,4,1120.0
2026-07-01,S02,P19,3,840.0
2026-07-02,S02,P19,2,560.0
2026-07-03,S02,P19,4,1120.0
2026-07-04,S02,P19,4,1120.0
2026-07-05,S02,P19,4,1120.0
2026-07-06,S02,P19,2,560.0
2026-07-07,S02,P19,3,840.0
2026-07-08,S02,P19,4,1120.0
2026-07-09,S02,P19,3,840.0
2026-07-10,S02,P19,4,1120.0
2026-07-11,S02,P19,4,1120.0
2026-07-12,S02,P19,4,1120.0
2026-07-13,S02,P19,3,840.0
2026-07-14,S02,P19,3,840.0
2026-07-15,S02,P19,3,840.0
2026-07-16,S02,P19,3,840.0
2026-07-17,S02,P19,3,840.0
2026-07-18,S02,P19,5,1400.0
2026-07-19,S02,P19,4,1120.0
2026-07-20,S02,P19,2,560.0
2026-07-21,S02,P19,3,840.0
2026-07-22,S02,P19,3,840.0
2026-07-23,S02,P19,4,1120.0
2026-07-24,S02,P19,3,840.0
2026-07-25,S02,P19,4,1120.0
2026-07-26,S02,P19,4,1120.0
2026-07-27,S02,P19,3,840.0
2026-07-28,S02,P19,2,560.0
2026-07-29,S02,P19,2,560.0
2026-07-30,S02,P19,4,1120.0
2026-07-31,S02,P19,3,840.0
2026-08-01,S02,P19,5,1400.0
2026-08-02,S02,P19,3,840.0
2026-08-03,S02,P19,3,840.0
2026-08-04,S02,P19,4,1120.0
2026-08-05,S02,P19,3,840.0
2026-08-06,S02,P19,2,560.0
2026-08-07,S02,P19,3,840.0
2026-08-08,S02,P19,5,1400.0
2026-08-09,S02,P19,5,1400.0
2026-08-10,S02,P19,4,1120.0
2026-08-11,S02,P19,3,840.0
2026-08-12,S02,P19,3,840.0
2026-08-13,S02,P19,3,840.0
2026-08-14,S02,P19,3,840.0
2026-08-15,S02,P19,4,1120.0
2026-08-16,S02,P19,5,1400.0
2026-08-17,S02,P19,3,840.0
2026-08-18,S02,P19,3,840.0
2026-08-19,S02,P19,3,840.0
2026-08-20,S02,P19,2,560.0
2026-08-21,S02,P19,3,840.0
2026-08-22,S02,P19,4,1120.0
2026-08-23,S02,P19,3,840.0
2026-08-24,S02,P19,3,840.0
2026-08-25,S02,P19,3,840.0
2026-08-26,S02,P19,3,840.0
2026-08-27,S02,P19,4,1120.0
2026-08-28,S02,P19,4,1120.0
2026-06-15,S02,P20,4,720.0
2026-06-16,S02,P20,4,720.0
2026-06-17,S02,P20,4,720.0
2026-06-18,S02,P20,2,360.0
2026-06-19,S02,P20,2,360.0
2026-06-20,S02,P20,3,540.0
2026-06-21,S02,P20,3,540.0
2026-06-22,S02,P20,4,720.0
2026-06-23,S02,P20,3,540.0
2026-06-24,S02,P20,2,360.0
2026-06-25,S02,P20,3,540.0
2026-06-26,S02,P20,3,540.0
2026-06-27,S02,P20,3,540.0
2026-06-28,S02,P20,4,720.0
2026-06-29,S02,P20,3,540.0
2026-06-30,S02,P20,3,540.0
2026-07-01,S02,P20,4,720.0
2026-07-02,S02,P20,3,540.0
2026-07-03,S02,P20,3,540.0
2026-07-04,S02,P20,3,540.0
2026-07-05,S02,P20,5,900.0
2026-07-06,S02,P20,3,540.0
2026-07-07,S02,P20,4,720.0
2026-07-08,S02,P20,3,540.0
2026-07-09,S02,P20,4,720.0
2026-07-10,S02,P20,2,360.0
2026-07-11,S02,P20,5,900.0
2026-07-12,S02,P20,4,720.0
2026-07-13,S02,P20,4,720.0
2026-07-14,S02,P20,3,540.0
2026-07-15,S02,P20,3,540.0
2026-07-16,S02,P20,2,360.0
2026-07-17,S02,P20,4,720.0
2026-07-18,S02,P20,3,540.0
2026-07-19,S02,P20,3,540.0
2026-07-20,S02,P20,3,540.0
2026-07-21,S02,P20,3,540.0
2026-07-22,S02,P20,4,720.0
2026-07-23,S02,P20,3,540.0
2026-07-24,S02,P20,3,540.0
2026-07-25,S02,P20,4,720.0
2026-07-26,S02,P20,5,900.0
2026-07-27,S02,P20,3,540.0
2026-07-28,S02,P20,3,540.0
2026-07-29,S02,P20,2,360.0
2026-07-30,S02,P20,3,540.0
2026-07-31,S02,P20,2,360.0
2026-08-01,S02,P20,3,540.0
2026-08-02,S02,P20,5,900.0
2026-08-03,S02,P20,2,360.0
2026-08-04,S02,P20,3,540.0
2026-08-05,S02,P20,3,540.0
2026-08-06,S02,P20,3,540.0
2026-08-07,S02,P20,2,360.0
2026-08-08,S02,P20,4,720.0
2026-08-09,S02,P20,4,720.0
2026-08-10,S02,P20,3,540.0
2026-08-11,S02,P20,4,720.0
2026-08-12,S02,P20,3,540.0
2026-08-13,S02,P20,2,360.0
2026-08-14,S02,P20,2,360.0
2026-08-15,S02,P20,4,720.0
2026-08-16,S02,P20,3,540.0
2026-08-17,S02,P20,3,540.0
2026-08-18,S02,P20,4,720.0
2026-08-19,S02,P20,2,360.0
2026-08-20,S02,P20,3,540.0
2026-08-21,S02,P20,3,540.0
2026-08-22,S02,P20,3,540.0
2026-08-23,S02,P20,4,720.0
2026-08-24,S02,P20,3,540.0
2026-08-25,S02,P20,2,360.0
2026-08-26,S02,P20,3,540.0
2026-08-27,S02,P20,3,540.0
2026-08-28,S02,P20,2,360.0
2026-06-15,S02,P21,9,1305.0
2026-06-16,S02,P21,7,1015.0
2026-06-17,S02,P21,7,1015.0
2026-06-18,S02,P21,7,1015.0
2026-06-19,S02,P21,7,1015.0
2026-06-20,S02,P21,10,1450.0
2026-06-21,S02,P21,7,1015.0
2026-06-22,S02,P21,9,1305.0
2026-06-23,S02,P21,7,1015.0
2026-06-24,S02,P21,8,1160.0
2026-06-25,S02,P21,6,870.0
2026-06-26,S02,P21,9,1305.0
2026-06-27,S02,P21,11,1595.0
2026-06-28,S02,P21,6,870.0
2026-06-29,S02,P21,6,870.0
2026-06-30,S02,P21,9,1305.0
2026-07-01,S02,P21,6,870.0
2026-07-02,S02,P21,5,725.0
2026-07-03,S02,P21,7,1015.0
2026-07-04,S02,P21,7,1015.0
2026-07-05,S02,P21,10,1450.0
2026-07-06,S02,P21,8,1160.0
2026-07-07,S02,P21,6,870.0
2026-07-08,S02,P21,8,1160.0
2026-07-09,S02,P21,8,1160.0
2026-07-10,S02,P21,8,1160.0
2026-07-11,S02,P21,10,1450.0
2026-07-12,S02,P21,7,1015.0
2026-07-13,S02,P21,5,725.0
2026-07-14,S02,P21,8,1160.0
2026-07-15,S02,P21,5,725.0
2026-07-16,S02,P21,5,725.0
2026-07-17,S02,P21,7,1015.0
2026-07-18,S02,P21,7,1015.0
2026-07-19,S02,P21,8,1160.0
2026-07-20,S02,P21,8,1160.0
2026-07-21,S02,P21,6,870.0
2026-07-22,S02,P21,8,1160.0
2026-07-23,S02,P21,5,725.0
2026-07-24,S02,P21,7,1015.0
2026-07-25,S02,P21,7,1015.0
2026-07-26,S02,P21,9,1305.0
2026-07-27,S02,P21,8,1160.0
2026-07-28,S02,P21,8,1160.0
2026-07-29,S02,P21,7,1015.0
2026-07-30,S02,P21,9,1305.0
2026-07-31,S02,P21,7,1015.0
2026-08-01,S02,P21,10,1450.0
2026-08-02,S02,P21,8,1160.0
2026-08-03,S02,P21,8,1160.0
2026-08-04,S02,P21,7,1015.0
2026-08-05,S02,P21,7,1015.0
2026-08-06,S02,P21,8,1160.0
2026-08-07,S02,P21,8,1160.0
2026-08-08,S02,P21,12,1740.0
2026-08-09,S02,P21,8,1160.0
2026-08-10,S02,P21,7,1015.0
2026-08-11,S02,P21,6,870.0
2026-08-12,S02,P21,7,1015.0
2026-08-13,S02,P21,9,1305.0
2026-08-14,S02,P21,8,1160.0
2026-08-15,S02,P21,9,1305.0
2026-08-16,S02,P21,8,1160.0
2026-08-17,S02,P21,5,725.0
2026-08-18,S02,P21,5,725.0
2026-08-19,S02,P21,5,725.0
2026-08-20,S02,P21,7,1015.0
2026-08-21,S02,P21,7,1015.0
2026-08-22,S02,P21,12,1740.0
2026-08-23,S02,P21,11,1595.0
2026-08-24,S02,P21,5,725.0
2026-08-25,S02,P21,8,1160.0
2026-08-26,S02,P21,9,1305.0
2026-08-27,S02,P21,8,1160.0
2026-08-28,S02,P21,7,1015.0
2026-06-15,S02,P22,5,1100.0
2026-06-16,S02,P22,4,880.0
2026-06-17,S02,P22,4,880.0
2026-06-18,S02,P22,4,880.0
2026-06-19,S02,P22,4,880.0
2026-06-20,S02,P22,8,1760.0
2026-06-21,S02,P22,6,1320.0
2026-06-22,S02,P22,6,1320.0
2026-06-23,S02,P22,4,880.0
2026-06-24,S02,P22,6,1320.0
2026-06-25,S02,P22,4,880.0
2026-06-26,S02,P22,6,1320.0
2026-06-27,S02,P22,7,1540.0
2026-06-28,S02,P22,5,1100.0
2026-06-29,S02,P22,5,1100.0
2026-06-30,S02,P22,5,1100.0
2026-07-01,S02,P22,5,1100.0
2026-07-02,S02,P22,6,1320.0
2026-07-03,S02,P22,4,880.0
2026-07-04,S02,P22,8,1760.0
2026-07-05,S02,P22,5,1100.0
2026-07-06,S02,P22,5,1100.0
2026-07-07,S02,P22,6,1320.0
2026-07-08,S02,P22,4,880.0
2026-07-09,S02,P22,5,1100.0
2026-07-10,S02,P22,6,1320.0
2026-07-11,S02,P22,8,1760.0
2026-07-12,S02,P22,7,1540.0
2026-07-13,S02,P22,6,1320.0
2026-07-14,S02,P22,4,880.0
2026-07-15,S02,P22,6,1320.0
2026-07-16,S02,P22,4,880.0
2026-07-17,S02,P22,6,1320.0
2026-07-18,S02,P22,5,1100.0
2026-07-19,S02,P22,6,1320.0
2026-07-20,S02,P22,5,1100.0
2026-07-21,S02,P22,6,1320.0
2026-07-22,S02,P22,6,1320.0
2026-07-23,S02,P22,4,880.0
2026-07-24,S02,P22,5,1100.0
2026-07-25,S02,P22,6,1320.0
2026-07-26,S02,P22,5,1100.0
2026-07-27,S02,P22,6,1320.0
2026-07-28,S02,P22,6,1320.0
2026-07-29,S02,P22,6,1320.0
2026-07-30,S02,P22,4,880.0
2026-07-31,S02,P22,6,1320.0
2026-08-01,S02,P22,5,1100.0
2026-08-02,S02,P22,6,1320.0
2026-08-03,S02,P22,4,880.0
2026-08-04,S02,P22,4,880.0
2026-08-05,S02,P22,4,880.0
2026-08-06,S02,P22,6,1320.0
2026-08-07,S02,P22,6,1320.0
2026-08-08,S02,P22,8,1760.0
2026-08-09,S02,P22,7,1540.0
2026-08-10,S02,P22,5,1100.0
2026-08-11,S02,P22,6,1320.0
2026-08-12,S02,P22,6,1320.0
2026-08-13,S02,P22,5,1100.0
2026-08-14,S02,P22,5,1100.0
2026-08-15,S02,P22,7,1540.0
2026-08-16,S02,P22,5,1100.0
2026-08-17,S02,P22,5,1100.0
2026-08-18,S02,P22,4,880.0
2026-08-19,S02,P22,5,1100.0
2026-08-20,S02,P22,6,1320.0
2026-08-21,S02,P22,5,1100.0
2026-08-22,S02,P22,8,1760.0
2026-08-23,S02,P22,7,1540.0
2026-08-24,S02,P22,6,1320.0
2026-08-25,S02,P22,4,880.0
2026-08-26,S02,P22,5,1100.0
2026-08-27,S02,P22,4,880.0
2026-08-28,S02,P22,6,1320.0
2026-06-15,S02,P23,6,960.0
2026-06-16,S02,P23,8,1280.0
2026-06-17,S02,P23,7,1120.0
2026-06-18,S02,P23,10,1600.0
2026-06-19,S02,P23,6,960.0
2026-06-20,S02,P23,9,1440.0
2026-06-21,S02,P23,11,1760.0
2026-06-22,S02,P23,8,1280.0
2026-06-23,S02,P23,7,1120.0
2026-06-24,S02,P23,8,1280.0
2026-06-25,S02,P23,9,1440.0
2026-06-26,S02,P23,8,1280.0
2026-06-27,S02,P23,13,2080.0
2026-06-28,S02,P23,10,1600.0
2026-06-29,S02,P23,6,960.0
2026-06-30,S02,P23,8,1280.0
2026-07-01,S02,P23,9,1440.0
2026-07-02,S02,P23,6,960.0
2026-07-03,S02,P23,8,1280.0
2026-07-04,S02,P23,11,1760.0
2026-07-05,S02,P23,7,1120.0
2026-07-06,S02,P23,6,960.0
2026-07-07,S02,P23,9,1440.0
2026-07-08,S02,P23,9,1440.0
2026-07-09,S02,P23,7,1120.0
2026-07-10,S02,P23,8,1280.0
2026-07-11,S02,P23,9,1440.0
2026-07-12,S02,P23,11,1760.0
2026-07-13,S02,P23,10,1600.0
2026-07-14,S02,P23,7,1120.0
2026-07-15,S02,P23,6,960.0
2026-07-16,S02,P23,7,1120.0
2026-07-17,S02,P23,8,1280.0
2026-07-18,S02,P23,11,1760.0
2026-07-19,S02,P23,11,1760.0
2026-07-20,S02,P23,8,1280.0
2026-07-21,S02,P23,9,1440.0
2026-07-22,S02,P23,9,1440.0
2026-07-23,S02,P23,6,960.0
2026-07-24,S02,P23,9,1440.0
2026-07-25,S02,P23,9,1440.0
2026-07-26,S02,P23,9,1440.0
2026-07-27,S02,P23,10,1600.0
2026-07-28,S02,P23,10,1600.0
2026-07-29,S02,P23,7,1120.0
2026-07-30,S02,P23,8,1280.0
2026-07-31,S02,P23,9,1440.0
2026-08-01,S02,P23,8,1280.0
2026-08-02,S02,P23,8,1280.0
2026-08-03,S02,P23,6,960.0
2026-08-04,S02,P23,9,1440.0
2026-08-05,S02,P23,9,1440.0
2026-08-06,S02,P23,6,960.0
2026-08-07,S02,P23,9,1440.0
2026-08-08,S02,P23,8,1280.0
2026-08-09,S02,P23,13,2080.0
2026-08-10,S02,P23,7,1120.0
2026-08-11,S02,P23,8,1280.0
2026-08-12,S02,P23,9,1440.0
2026-08-13,S02,P23,9,1440.0
2026-08-14,S02,P23,6,960.0
2026-08-15,S02,P23,10,1600.0
2026-08-16,S02,P23,13,2080.0
2026-08-17,S02,P23,10,1600.0
2026-08-18,S02,P23,8,1280.0
2026-08-19,S02,P23,9,1440.0
2026-08-20,S02,P23,8,1280.0
2026-08-21,S02,P23,9,1440.0
2026-08-22,S02,P23,13,2080.0
2026-08-23,S02,P23,8,1280.0
2026-08-24,S02,P23,8,1280.0
2026-08-25,S02,P23,8,1280.0
2026-08-26,S02,P23,6,960.0
2026-08-27,S02,P23,10,1600.0
2026-08-28,S02,P23,10,1600.0
2026-06-15,S02,P24,4,540.0
2026-06-16,S02,P24,3,405.0
2026-06-17,S02,P24,5,675.0
2026-06-18,S02,P24,3,405.0
2026-06-19,S02,P24,4,540.0
2026-06-20,S02,P24,6,810.0
2026-06-21,S02,P24,5,675.0
2026-06-22,S02,P24,5,675.0
2026-06-23,S02,P24,4,540.0
2026-06-24,S02,P24,4,540.0
2026-06-25,S02,P24,4,540.0
2026-06-26,S02,P24,3,405.0
2026-06-27,S02,P24,5,675.0
2026-06-28,S02,P24,5,675.0
2026-06-29,S02,P24,4,540.0
2026-06-30,S02,P24,5,675.0
2026-07-01,S02,P24,3,405.0
2026-07-02,S02,P24,4,540.0
2026-07-03,S02,P24,5,675.0
2026-07-04,S02,P24,5,675.0
2026-07-05,S02,P24,6,810.0
2026-07-06,S02,P24,4,540.0
2026-07-07,S02,P24,4,540.0
2026-07-08,S02,P24,5,675.0
2026-07-09,S02,P24,4,540.0
2026-07-10,S02,P24,3,405.0
2026-07-11,S02,P24,4,540.0
2026-07-12,S02,P24,6,810.0
2026-07-13,S02,P24,4,540.0
2026-07-14,S02,P24,5,675.0
2026-07-15,S02,P24,3,405.0
2026-07-16,S02,P24,5,675.0
2026-07-17,S02,P24,5,675.0
2026-07-18,S02,P24,4,540.0
2026-07-19,S02,P24,5,675.0
2026-07-20,S02,P24,4,540.0
2026-07-21,S02,P24,5,675.0
2026-07-22,S02,P24,5,675.0
2026-07-23,S02,P24,4,540.0
2026-07-24,S02,P24,4,540.0
2026-07-25,S02,P24,7,945.0
2026-07-26,S02,P24,6,810.0
2026-07-27,S02,P24,4,540.0
2026-07-28,S02,P24,5,675.0
2026-07-29,S02,P24,4,540.0
2026-07-30,S02,P24,5,675.0
2026-07-31,S02,P24,4,540.0
2026-08-01,S02,P24,4,540.0
2026-08-02,S02,P24,4,540.0
2026-08-03,S02,P24,4,540.0
2026-08-04,S02,P24,3,405.0
2026-08-05,S02,P24,3,405.0
2026-08-06,S02,P24,3,405.0
2026-08-07,S02,P24,5,675.0
2026-08-08,S02,P24,7,945.0
2026-08-09,S02,P24,6,810.0
2026-08-10,S02,P24,3,405.0
2026-08-11,S02,P24,3,405.0
2026-08-12,S02,P24,5,675.0
2026-08-13,S02,P24,3,405.0
2026-08-14,S02,P24,4,540.0
2026-08-15,S02,P24,5,675.0
2026-08-16,S02,P24,5,675.0
2026-08-17,S02,P24,4,540.0
2026-08-18,S02,P24,4,540.0
2026-08-19,S02,P24,4,540.0
2026-08-20,S02,P24,3,405.0
2026-08-21,S02,P24,4,540.0
2026-08-22,S02,P24,5,675.0
2026-08-23,S02,P24,5,675.0
2026-08-24,S02,P24,5,675.0
2026-08-25,S02,P24,4,540.0
2026-08-26,S02,P24,4,540.0
2026-08-27,S02,P24,3,405.0
2026-08-28,S02,P24,4,540.0
2026-06-15,S02,P25,5,975.0
2026-06-16,S02,P25,3,585.0
2026-06-17,S02,P25,5,975.0
2026-06-18,S02,P25,3,585.0
2026-06-19,S02,P25,5,975.0
2026-06-20,S02,P25,6,1170.0
2026-06-21,S02,P25,5,975.0
2026-06-22,S02,P25,3,585.0
2026-06-23,S02,P25,4,780.0
2026-06-24,S02,P25,5,975.0
2026-06-25,S02,P25,4,780.0
2026-06-26,S02,P25,4,780.0
2026-06-27,S02,P25,6,1170.0
2026-06-28,S02,P25,4,780.0
2026-06-29,S02,P25,5,975.0
2026-06-30,S02,P25,3,585.0
2026-07-01,S02,P25,4,780.0
2026-07-02,S02,P25,5,975.0
2026-07-03,S02,P25,3,585.0
2026-07-04,S02,P25,7,1365.0
2026-07-05,S02,P25,6,1170.0
2026-07-06,S02,P25,3,585.0
2026-07-07,S02,P25,3,585.0
2026-07-08,S02,P25,3,585.0
2026-07-09,S02,P25,3,585.0
2026-07-10,S02,P25,3,585.0
2026-07-11,S02,P25,6,1170.0
2026-07-12,S02,P25,4,780.0
2026-07-13,S02,P25,4,780.0
2026-07-14,S02,P25,5,975.0
2026-07-15,S02,P25,3,585.0
2026-07-16,S02,P25,5,975.0
2026-07-17,S02,P25,4,780.0
2026-07-18,S02,P25,6,1170.0
2026-07-19,S02,P25,6,1170.0
2026-07-20,S02,P25,5,975.0
2026-07-21,S02,P25,4,780.0
2026-07-22,S02,P25,5,975.0
2026-07-23,S02,P25,4,780.0
2026-07-24,S02,P25,3,585.0
2026-07-25,S02,P25,6,1170.0
2026-07-26,S02,P25,5,975.0
2026-07-27,S02,P25,5,975.0
2026-07-28,S02,P25,4,780.0
2026-07-29,S02,P25,5,975.0
2026-07-30,S02,P25,3,585.0
2026-07-31,S02,P25,4,780.0
2026-08-01,S02,P25,5,975.0
2026-08-02,S02,P25,5,975.0
2026-08-03,S02,P25,5,975.0
2026-08-04,S02,P25,4,780.0
2026-08-05,S02,P25,4,780.0
2026-08-06,S02,P25,4,780.0
2026-08-07,S02,P25,5,975.0
2026-08-08,S02,P25,6,1170.0
2026-08-09,S02,P25,5,975.0
2026-08-10,S02,P25,4,780.0
2026-08-11,S02,P25,5,975.0
2026-08-12,S02,P25,4,780.0
2026-08-13,S02,P25,3,585.0
2026-08-14,S02,P25,4,780.0
2026-08-15,S02,P25,4,780.0
2026-08-16,S02,P25,6,1170.0
2026-08-17,S02,P25,5,975.0
2026-08-18,S02,P25,3,585.0
2026-08-19,S02,P25,3,585.0
2026-08-20,S02,P25,5,975.0
2026-08-21,S02,P25,4,780.0
2026-08-22,S02,P25,6,1170.0
2026-08-23,S02,P25,4,780.0
2026-08-24,S02,P25,3,585.0
2026-08-25,S02,P25,5,975.0
2026-08-26,S02,P25,3,585.0
2026-08-27,S02,P25,4,780.0
2026-08-28,S02,P25,5,975.0
2026-06-15,S03,P01,16,720.0
2026-06-16,S03,P01,14,630.0
2026-06-17,S03,P01,17,765.0
2026-06-18,S03,P01,14,630.0
2026-06-19,S03,P01,12,540.0
2026-06-20,S03,P01,16,720.0
2026-06-21,S03,P01,27,1215.0
2026-06-22,S03,P01,19,855.0
2026-06-23,S03,P01,16,720.0
2026-06-24,S03,P01,17,765.0
2026-06-25,S03,P01,13,585.0
2026-06-26,S03,P01,17,765.0
2026-06-27,S03,P01,17,765.0
2026-06-28,S03,P01,23,1035.0
2026-06-29,S03,P01,19,855.0
2026-06-30,S03,P01,13,585.0
2026-07-01,S03,P01,19,855.0
2026-07-02,S03,P01,20,900.0
2026-07-03,S03,P01,18,810.0
2026-07-04,S03,P01,20,900.0
2026-07-05,S03,P01,25,1125.0
2026-07-06,S03,P01,12,540.0
2026-07-07,S03,P01,18,810.0
2026-07-08,S03,P01,11,495.0
2026-07-09,S03,P01,18,810.0
2026-07-10,S03,P01,12,540.0
2026-07-11,S03,P01,15,675.0
2026-07-12,S03,P01,17,765.0
2026-07-13,S03,P01,14,630.0
2026-07-14,S03,P01,12,540.0
2026-07-15,S03,P01,19,855.0
2026-07-16,S03,P01,20,900.0
2026-07-17,S03,P01,15,675.0
2026-07-18,S03,P01,20,900.0
2026-07-19,S03,P01,20,900.0
2026-07-20,S03,P01,14,630.0
2026-07-21,S03,P01,15,675.0
2026-07-22,S03,P01,12,540.0
2026-07-23,S03,P01,11,495.0
2026-07-24,S03,P01,18,810.0
2026-07-25,S03,P01,15,675.0
2026-07-26,S03,P01,24,1080.0
2026-07-27,S03,P01,12,540.0
2026-07-28,S03,P01,19,855.0
2026-07-29,S03,P01,15,675.0
2026-07-30,S03,P01,16,720.0
2026-07-31,S03,P01,14,630.0
2026-08-01,S03,P01,23,1035.0
2026-08-02,S03,P01,22,990.0
2026-08-03,S03,P01,14,630.0
2026-08-04,S03,P01,20,900.0
2026-08-05,S03,P01,15,675.0
2026-08-06,S03,P01,19,855.0
2026-08-07,S03,P01,11,495.0
2026-08-08,S03,P01,17,765.0
2026-08-09,S03,P01,17,765.0
2026-08-10,S03,P01,18,810.0
2026-08-11,S03,P01,19,855.0
2026-08-12,S03,P01,19,855.0
2026-08-13,S03,P01,14,630.0
2026-08-14,S03,P01,17,765.0
2026-08-15,S03,P01,18,810.0
2026-08-16,S03,P01,26,1170.0
2026-08-17,S03,P01,20,900.0
2026-08-18,S03,P01,20,900.0
2026-08-19,S03,P01,17,765.0
2026-08-20,S03,P01,20,900.0
2026-08-21,S03,P01,11,495.0
2026-08-22,S03,P01,25,1125.0
2026-08-23,S03,P01,16,720.0
2026-08-24,S03,P01,12,540.0
2026-08-25,S03,P01,17,765.0
2026-08-26,S03,P01,15,675.0
2026-08-27,S03,P01,16,720.0
2026-08-28,S03,P01,12,540.0
2026-06-15,S03,P02,11,935.0
2026-06-16,S03,P02,16,1360.0
2026-06-17,S03,P02,16,1360.0
2026-06-18,S03,P02,10,850.0
2026-06-19,S03,P02,11,935.0
2026-06-20,S03,P02,18,1530.0
2026-06-21,S03,P02,14,1190.0
2026-06-22,S03,P02,10,850.0
2026-06-23,S03,P02,14,1190.0
2026-06-24,S03,P02,14,1190.0
2026-06-25,S03,P02,10,850.0
2026-06-26,S03,P02,15,1275.0
2026-06-27,S03,P02,22,1870.0
2026-06-28,S03,P02,17,1445.0
2026-06-29,S03,P02,14,1190.0
2026-06-30,S03,P02,10,850.0
2026-07-01,S03,P02,14,1190.0
2026-07-02,S03,P02,11,935.0
2026-07-03,S03,P02,11,935.0
2026-07-04,S03,P02,18,1530.0
2026-07-05,S03,P02,21,1785.0
2026-07-06,S03,P02,12,1020.0
2026-07-07,S03,P02,14,1190.0
2026-07-08,S03,P02,11,935.0
2026-07-09,S03,P02,11,935.0
2026-07-10,S03,P02,10,850.0
2026-07-11,S03,P02,14,1190.0
2026-07-12,S03,P02,17,1445.0
2026-07-13,S03,P02,12,1020.0
2026-07-14,S03,P02,14,1190.0
2026-07-15,S03,P02,15,1275.0
2026-07-16,S03,P02,10,850.0
2026-07-17,S03,P02,14,1190.0
2026-07-18,S03,P02,20,1700.0
2026-07-19,S03,P02,22,1870.0
2026-07-20,S03,P02,10,850.0
2026-07-21,S03,P02,12,1020.0
2026-07-22,S03,P02,15,1275.0
2026-07-23,S03,P02,15,1275.0
2026-07-24,S03,P02,14,1190.0
2026-07-25,S03,P02,15,1275.0
2026-07-26,S03,P02,15,1275.0
2026-07-27,S03,P02,14,1190.0
2026-07-28,S03,P02,12,1020.0
2026-07-29,S03,P02,13,1105.0
2026-07-30,S03,P02,13,1105.0
2026-07-31,S03,P02,15,1275.0
2026-08-01,S03,P02,17,1445.0
2026-08-02,S03,P02,13,1105.0
2026-08-03,S03,P02,14,1190.0
2026-08-04,S03,P02,10,850.0
2026-08-05,S03,P02,11,935.0
2026-08-06,S03,P02,16,1360.0
2026-08-07,S03,P02,16,1360.0
2026-08-08,S03,P02,14,1190.0
2026-08-09,S03,P02,19,1615.0
2026-08-10,S03,P02,14,1190.0
2026-08-11,S03,P02,15,1275.0
2026-08-12,S03,P02,16,1360.0
2026-08-13,S03,P02,16,1360.0
2026-08-14,S03,P02,14,1190.0
2026-08-15,S03,P02,20,1700.0
2026-08-16,S03,P02,18,1530.0
2026-08-17,S03,P02,15,1275.0
2026-08-18,S03,P02,11,935.0
2026-08-19,S03,P02,9,765.0
2026-08-20,S03,P02,11,935.0
2026-08-21,S03,P02,16,1360.0
2026-08-22,S03,P02,17,1445.0
2026-08-23,S03,P02,18,1530.0
2026-08-24,S03,P02,10,850.0
2026-08-25,S03,P02,12,1020.0
2026-08-26,S03,P02,16,1360.0
2026-08-27,S03,P02,14,1190.0
2026-08-28,S03,P02,16,1360.0
2026-06-15,S03,P03,8,960.0
2026-06-16,S03,P03,8,960.0
2026-06-17,S03,P03,9,1080.0
2026-06-18,S03,P03,10,1200.0
2026-06-19,S03,P03,9,1080.0
2026-06-20,S03,P03,11,1320.0
2026-06-21,S03,P03,8,960.0
2026-06-22,S03,P03,8,960.0
2026-06-23,S03,P03,8,960.0
2026-06-24,S03,P03,6,720.0
2026-06-25,S03,P03,10,1200.0
2026-06-26,S03,P03,9,1080.0
2026-06-27,S03,P03,13,1560.0
2026-06-28,S03,P03,12,1440.0
2026-06-29,S03,P03,8,960.0
2026-06-30,S03,P03,7,840.0
2026-07-01,S03,P03,7,840.0
2026-07-02,S03,P03,8,960.0
2026-07-03,S03,P03,6,720.0
2026-07-04,S03,P03,10,1200.0
2026-07-05,S03,P03,8,960.0
2026-07-06,S03,P03,7,840.0
2026-07-07,S03,P03,10,1200.0
2026-07-08,S03,P03,7,840.0
2026-07-09,S03,P03,8,960.0
2026-07-10,S03,P03,8,960.0
2026-07-11,S03,P03,8,960.0
2026-07-12,S03,P03,13,1560.0
2026-07-13,S03,P03,7,840.0
2026-07-14,S03,P03,9,1080.0
2026-07-15,S03,P03,8,960.0
2026-07-16,S03,P03,10,1200.0
2026-07-17,S03,P03,10,1200.0
2026-07-18,S03,P03,9,1080.0
2026-07-19,S03,P03,11,1320.0
2026-07-20,S03,P03,6,720.0
2026-07-21,S03,P03,9,1080.0
2026-07-22,S03,P03,7,840.0
2026-07-23,S03,P03,9,1080.0
2026-07-24,S03,P03,10,1200.0
2026-07-25,S03,P03,11,1320.0
2026-07-26,S03,P03,10,1200.0
2026-07-27,S03,P03,10,1200.0
2026-07-28,S03,P03,8,960.0
2026-07-29,S03,P03,7,840.0
2026-07-30,S03,P03,10,1200.0
2026-07-31,S03,P03,8,960.0
2026-08-01,S03,P03,10,1200.0
2026-08-02,S03,P03,11,1320.0
2026-08-03,S03,P03,8,960.0
2026-08-04,S03,P03,6,720.0
2026-08-05,S03,P03,6,720.0
2026-08-06,S03,P03,6,720.0
2026-08-07,S03,P03,9,1080.0
2026-08-08,S03,P03,9,1080.0
2026-08-09,S03,P03,8,960.0
2026-08-10,S03,P03,7,840.0
2026-08-11,S03,P03,9,1080.0
2026-08-12,S03,P03,6,720.0
2026-08-13,S03,P03,7,840.0
2026-08-14,S03,P03,9,1080.0
2026-08-15,S03,P03,12,1440.0
2026-08-16,S03,P03,10,1200.0
2026-08-17,S03,P03,8,960.0
2026-08-18,S03,P03,7,840.0
2026-08-19,S03,P03,6,720.0
2026-08-20,S03,P03,10,1200.0
2026-08-21,S03,P03,6,720.0
2026-08-22,S03,P03,8,960.0
2026-08-23,S03,P03,11,1320.0
2026-08-24,S03,P03,6,720.0
2026-08-25,S03,P03,9,1080.0
2026-08-26,S03,P03,6,720.0
2026-08-27,S03,P03,8,960.0
2026-08-28,S03,P03,6,720.0
2026-06-15,S03,P04,6,960.0
2026-06-16,S03,P04,6,960.0
2026-06-17,S03,P04,8,1280.0
2026-06-18,S03,P04,6,960.0
2026-06-19,S03,P04,7,1120.0
2026-06-20,S03,P04,9,1440.0
2026-06-21,S03,P04,9,1440.0
2026-06-22,S03,P04,8,1280.0
2026-06-23,S03,P04,5,800.0
2026-06-24,S03,P04,6,960.0
2026-06-25,S03,P04,6,960.0
2026-06-26,S03,P04,6,960.0
2026-06-27,S03,P04,6,960.0
2026-06-28,S03,P04,7,1120.0
2026-06-29,S03,P04,5,800.0
2026-06-30,S03,P04,6,960.0
2026-07-01,S03,P04,7,1120.0
2026-07-02,S03,P04,6,960.0
2026-07-03,S03,P04,6,960.0
2026-07-04,S03,P04,6,960.0
2026-07-05,S03,P04,9,1440.0
2026-07-06,S03,P04,8,1280.0
2026-07-07,S03,P04,6,960.0
2026-07-08,S03,P04,4,640.0
2026-07-09,S03,P04,6,960.0
2026-07-10,S03,P04,5,800.0
2026-07-11,S03,P04,6,960.0
2026-07-12,S03,P04,8,1280.0
2026-07-13,S03,P04,7,1120.0
2026-07-14,S03,P04,7,1120.0
2026-07-15,S03,P04,7,1120.0
2026-07-16,S03,P04,6,960.0
2026-07-17,S03,P04,5,800.0
2026-07-18,S03,P04,10,1600.0
2026-07-19,S03,P04,8,1280.0
2026-07-20,S03,P04,7,1120.0
2026-07-21,S03,P04,6,960.0
2026-07-22,S03,P04,7,1120.0
2026-07-23,S03,P04,5,800.0
2026-07-24,S03,P04,7,1120.0
2026-07-25,S03,P04,10,1600.0
2026-07-26,S03,P04,8,1280.0
2026-07-27,S03,P04,4,640.0
2026-07-28,S03,P04,8,1280.0
2026-07-29,S03,P04,7,1120.0
2026-07-30,S03,P04,6,960.0
2026-07-31,S03,P04,6,960.0
2026-08-01,S03,P04,10,1600.0
2026-08-02,S03,P04,9,1440.0
2026-08-03,S03,P04,6,960.0
2026-08-04,S03,P04,8,1280.0
2026-08-05,S03,P04,6,960.0
2026-08-06,S03,P04,7,1120.0
2026-08-07,S03,P04,5,800.0
2026-08-08,S03,P04,9,1440.0
2026-08-09,S03,P04,10,1600.0
2026-08-10,S03,P04,7,1120.0
2026-08-11,S03,P04,6,960.0
2026-08-12,S03,P04,6,960.0
2026-08-13,S03,P04,5,800.0
2026-08-14,S03,P04,7,1120.0
2026-08-15,S03,P04,10,1600.0
2026-08-16,S03,P04,6,960.0
2026-08-17,S03,P04,6,960.0
2026-08-18,S03,P04,6,960.0
2026-08-19,S03,P04,5,800.0
2026-08-20,S03,P04,4,640.0
2026-08-21,S03,P04,7,1120.0
2026-08-22,S03,P04,5,800.0
2026-08-23,S03,P04,8,1280.0
2026-08-24,S03,P04,6,960.0
2026-08-25,S03,P04,6,960.0
2026-08-26,S03,P04,5,800.0
2026-08-27,S03,P04,7,1120.0
2026-08-28,S03,P04,6,960.0
2026-06-15,S03,P05,11,1210.0
2026-06-16,S03,P05,9,990.0
2026-06-17,S03,P05,12,1320.0
2026-06-18,S03,P05,10,1100.0
2026-06-19,S03,P05,9,990.0
2026-06-20,S03,P05,11,1210.0
2026-06-21,S03,P05,14,1540.0
2026-06-22,S03,P05,12,1320.0
2026-06-23,S03,P05,9,990.0
2026-06-24,S03,P05,12,1320.0
2026-06-25,S03,P05,10,1100.0
2026-06-26,S03,P05,9,990.0
2026-06-27,S03,P05,13,1430.0
2026-06-28,S03,P05,11,1210.0
2026-06-29,S03,P05,9,990.0
2026-06-30,S03,P05,9,990.0
2026-07-01,S03,P05,11,1210.0
2026-07-02,S03,P05,11,1210.0
2026-07-03,S03,P05,12,1320.0
2026-07-04,S03,P05,14,1540.0
2026-07-05,S03,P05,15,1650.0
2026-07-06,S03,P05,10,1100.0
2026-07-07,S03,P05,11,1210.0
2026-07-08,S03,P05,8,880.0
2026-07-09,S03,P05,8,880.0
2026-07-10,S03,P05,9,990.0
2026-07-11,S03,P05,12,1320.0
2026-07-12,S03,P05,13,1430.0
2026-07-13,S03,P05,11,1210.0
2026-07-14,S03,P05,11,1210.0
2026-07-15,S03,P05,8,880.0
2026-07-16,S03,P05,13,1430.0
2026-07-17,S03,P05,7,770.0
2026-07-18,S03,P05,10,1100.0
2026-07-19,S03,P05,10,1100.0
2026-07-20,S03,P05,13,1430.0
2026-07-21,S03,P05,10,1100.0
2026-07-22,S03,P05,7,770.0
2026-07-23,S03,P05,8,880.0
2026-07-24,S03,P05,7,770.0
2026-07-25,S03,P05,9,990.0
2026-07-26,S03,P05,12,1320.0
2026-07-27,S03,P05,13,1430.0
2026-07-28,S03,P05,11,1210.0
2026-07-29,S03,P05,10,1100.0
2026-07-30,S03,P05,11,1210.0
2026-07-31,S03,P05,11,1210.0
2026-08-01,S03,P05,16,1760.0
2026-08-02,S03,P05,15,1650.0
2026-08-03,S03,P05,11,1210.0
2026-08-04,S03,P05,10,1100.0
2026-08-05,S03,P05,8,880.0
2026-08-06,S03,P05,11,1210.0
2026-08-07,S03,P05,12,1320.0
2026-08-08,S03,P05,11,1210.0
2026-08-09,S03,P05,9,990.0
2026-08-10,S03,P05,11,1210.0
2026-08-11,S03,P05,10,1100.0
2026-08-12,S03,P05,8,880.0
2026-08-13,S03,P05,8,880.0
2026-08-14,S03,P05,7,770.0
2026-08-15,S03,P05,11,1210.0
2026-08-16,S03,P05,9,990.0
2026-08-17,S03,P05,8,880.0
2026-08-18,S03,P05,13,1430.0
2026-08-19,S03,P05,12,1320.0
2026-08-20,S03,P05,9,990.0
2026-08-21,S03,P05,9,990.0
2026-08-22,S03,P05,14,1540.0
2026-08-23,S03,P05,13,1430.0
2026-08-24,S03,P05,11,1210.0
2026-08-25,S03,P05,7,770.0
2026-08-26,S03,P05,8,880.0
2026-08-27,S03,P05,9,990.0
2026-08-28,S03,P05,12,1320.0
2026-06-15,S03,P06,14,2100.0
2026-06-16,S03,P06,18,2700.0
2026-06-17,S03,P06,13,1950.0
2026-06-18,S03,P06,19,2850.0
2026-06-19,S03,P06,15,2250.0
2026-06-20,S03,P06,18,2700.0
2026-06-21,S03,P06,14,2100.0
2026-06-22,S03,P06,12,1800.0
2026-06-23,S03,P06,15,2250.0
2026-06-24,S03,P06,16,2400.0
2026-06-25,S03,P06,15,2250.0
2026-06-26,S03,P06,14,2100.0
2026-06-27,S03,P06,15,2250.0
2026-06-28,S03,P06,20,3000.0
2026-06-29,S03,P06,13,1950.0
2026-06-30,S03,P06,15,2250.0
2026-07-01,S03,P06,18,2700.0
2026-07-02,S03,P06,13,1950.0
2026-07-03,S03,P06,14,2100.0
2026-07-04,S03,P06,18,2700.0
2026-07-05,S03,P06,19,2850.0
2026-07-06,S03,P06,13,1950.0
2026-07-07,S03,P06,14,2100.0
2026-07-08,S03,P06,17,2550.0
2026-07-09,S03,P06,17,2550.0
2026-07-10,S03,P06,19,2850.0
2026-07-11,S03,P06,24,3600.0
2026-07-12,S03,P06,19,2850.0
2026-07-13,S03,P06,13,1950.0
2026-07-14,S03,P06,14,2100.0
2026-07-15,S03,P06,18,2700.0
2026-07-16,S03,P06,12,1800.0
2026-07-17,S03,P06,17,2550.0
2026-07-18,S03,P06,23,3450.0
2026-07-19,S03,P06,18,2700.0
2026-07-20,S03,P06,14,2100.0
2026-07-21,S03,P06,15,2250.0
2026-07-22,S03,P06,17,2550.0
2026-07-23,S03,P06,13,1950.0
2026-07-24,S03,P06,13,1950.0
2026-07-25,S03,P06,18,2700.0
2026-07-26,S03,P06,22,3300.0
2026-07-27,S03,P06,14,2100.0
2026-07-28,S03,P06,15,2250.0
2026-07-29,S03,P06,12,1800.0
2026-07-30,S03,P06,13,1950.0
2026-07-31,S03,P06,12,1800.0
2026-08-01,S03,P06,20,3000.0
2026-08-02,S03,P06,16,2400.0
2026-08-03,S03,P06,17,2550.0
2026-08-04,S03,P06,19,2850.0
2026-08-05,S03,P06,12,1800.0
2026-08-06,S03,P06,17,2550.0
2026-08-07,S03,P06,13,1950.0
2026-08-08,S03,P06,16,2400.0
2026-08-09,S03,P06,17,2550.0
2026-08-10,S03,P06,13,1950.0
2026-08-11,S03,P06,18,2700.0
2026-08-12,S03,P06,18,2700.0
2026-08-13,S03,P06,14,2100.0
2026-08-14,S03,P06,18,2700.0
2026-08-15,S03,P06,15,2250.0
2026-08-16,S03,P06,15,2250.0
2026-08-17,S03,P06,19,2850.0
2026-08-18,S03,P06,15,2250.0
2026-08-19,S03,P06,11,1650.0
2026-08-20,S03,P06,18,2700.0
2026-08-21,S03,P06,19,2850.0
2026-08-22,S03,P06,24,3600.0
2026-08-23,S03,P06,18,2700.0
2026-08-24,S03,P06,13,1950.0
2026-08-25,S03,P06,19,2850.0
2026-08-26,S03,P06,18,2700.0
2026-08-27,S03,P06,16,2400.0
2026-08-28,S03,P06,13,1950.0
2026-06-15,S03,P07,5,1200.0
2026-06-16,S03,P07,6,1440.0
2026-06-17,S03,P07,4,960.0
2026-06-18,S03,P07,5,1200.0
2026-06-19,S03,P07,5,1200.0
2026-06-20,S03,P07,8,1920.0
2026-06-21,S03,P07,5,1200.0
2026-06-22,S03,P07,5,1200.0
2026-06-23,S03,P07,6,1440.0
2026-06-24,S03,P07,6,1440.0
2026-06-25,S03,P07,5,1200.0
2026-06-26,S03,P07,4,960.0
2026-06-27,S03,P07,7,1680.0
2026-06-28,S03,P07,6,1440.0
2026-06-29,S03,P07,4,960.0
2026-06-30,S03,P07,6,1440.0
2026-07-01,S03,P07,5,1200.0
2026-07-02,S03,P07,4,960.0
2026-07-03,S03,P07,5,1200.0
2026-07-04,S03,P07,8,1920.0
2026-07-05,S03,P07,5,1200.0
2026-07-06,S03,P07,4,960.0
2026-07-07,S03,P07,4,960.0
2026-07-08,S03,P07,6,1440.0
2026-07-09,S03,P07,5,1200.0
2026-07-10,S03,P07,4,960.0
2026-07-11,S03,P07,6,1440.0
2026-07-12,S03,P07,6,1440.0
2026-07-13,S03,P07,6,1440.0
2026-07-14,S03,P07,5,1200.0
2026-07-15,S03,P07,5,1200.0
2026-07-16,S03,P07,5,1200.0
2026-07-17,S03,P07,5,1200.0
2026-07-18,S03,P07,8,1920.0
2026-07-19,S03,P07,7,1680.0
2026-07-20,S03,P07,6,1440.0
2026-07-21,S03,P07,6,1440.0
2026-07-22,S03,P07,6,1440.0
2026-07-23,S03,P07,5,1200.0
2026-07-24,S03,P07,6,1440.0
2026-07-25,S03,P07,5,1200.0
2026-07-26,S03,P07,8,1920.0
2026-07-27,S03,P07,6,1440.0
2026-07-28,S03,P07,5,1200.0
2026-07-29,S03,P07,4,960.0
2026-07-30,S03,P07,5,1200.0
2026-07-31,S03,P07,4,960.0
2026-08-01,S03,P07,8,1920.0
2026-08-02,S03,P07,7,1680.0
2026-08-03,S03,P07,5,1200.0
2026-08-04,S03,P07,4,960.0
2026-08-05,S03,P07,5,1200.0
2026-08-06,S03,P07,4,960.0
2026-08-07,S03,P07,6,1440.0
2026-08-08,S03,P07,5,1200.0
2026-08-09,S03,P07,5,1200.0
2026-08-10,S03,P07,4,960.0
2026-08-11,S03,P07,4,960.0
2026-08-12,S03,P07,4,960.0
2026-08-13,S03,P07,6,1440.0
2026-08-14,S03,P07,4,960.0
2026-08-15,S03,P07,7,1680.0
2026-08-16,S03,P07,6,1440.0
2026-08-17,S03,P07,5,1200.0
2026-08-18,S03,P07,5,1200.0
2026-08-19,S03,P07,6,1440.0
2026-08-20,S03,P07,5,1200.0
2026-08-21,S03,P07,5,1200.0
2026-08-22,S03,P07,6,1440.0
2026-08-23,S03,P07,7,1680.0
2026-08-24,S03,P07,5,1200.0
2026-08-25,S03,P07,5,1200.0
2026-08-26,S03,P07,5,1200.0
2026-08-27,S03,P07,5,1200.0
2026-08-28,S03,P07,6,1440.0
2026-06-15,S03,P08,19,1140.0
2026-06-16,S03,P08,17,1020.0
2026-06-17,S03,P08,19,1140.0
2026-06-18,S03,P08,21,1260.0
2026-06-19,S03,P08,16,960.0
2026-06-20,S03,P08,19,1140.0
2026-06-21,S03,P08,24,1440.0
2026-06-22,S03,P08,13,780.0
2026-06-23,S03,P08,14,840.0
2026-06-24,S03,P08,20,1200.0
2026-06-25,S03,P08,15,900.0
2026-06-26,S03,P08,18,1080.0
2026-06-27,S03,P08,23,1380.0
2026-06-28,S03,P08,27,1620.0
2026-06-29,S03,P08,13,780.0
2026-06-30,S03,P08,14,840.0
2026-07-01,S03,P08,14,840.0
2026-07-02,S03,P08,15,900.0
2026-07-03,S03,P08,15,900.0
2026-07-04,S03,P08,19,1140.0
2026-07-05,S03,P08,24,1440.0
2026-07-06,S03,P08,15,900.0
2026-07-07,S03,P08,16,960.0
2026-07-08,S03,P08,21,1260.0
2026-07-09,S03,P08,16,960.0
2026-07-10,S03,P08,18,1080.0
2026-07-11,S03,P08,28,1680.0
2026-07-12,S03,P08,21,1260.0
2026-07-13,S03,P08,14,840.0
2026-07-14,S03,P08,12,720.0
2026-07-15,S03,P08,19,1140.0
2026-07-16,S03,P08,19,1140.0
2026-07-17,S03,P08,21,1260.0
2026-07-18,S03,P08,25,1500.0
2026-07-19,S03,P08,17,1020.0
2026-07-20,S03,P08,14,840.0
2026-07-21,S03,P08,13,780.0
2026-07-22,S03,P08,13,780.0
2026-07-23,S03,P08,21,1260.0
2026-07-24,S03,P08,17,1020.0
2026-07-25,S03,P08,16,960.0
2026-07-26,S03,P08,21,1260.0
2026-07-27,S03,P08,20,1200.0
2026-07-28,S03,P08,13,780.0
2026-07-29,S03,P08,15,900.0
2026-07-30,S03,P08,13,780.0
2026-07-31,S03,P08,19,1140.0
2026-08-01,S03,P08,27,1620.0
2026-08-02,S03,P08,20,1200.0
2026-08-03,S03,P08,14,840.0
2026-08-04,S03,P08,15,900.0
2026-08-05,S03,P08,18,1080.0
2026-08-06,S03,P08,13,780.0
2026-08-07,S03,P08,20,1200.0
2026-08-08,S03,P08,16,960.0
2026-08-09,S03,P08,24,1440.0
2026-08-10,S03,P08,21,1260.0
2026-08-11,S03,P08,15,900.0
2026-08-12,S03,P08,17,1020.0
2026-08-13,S03,P08,22,1320.0
2026-08-14,S03,P08,17,1020.0
2026-08-15,S03,P08,19,1140.0
2026-08-16,S03,P08,21,1260.0
2026-08-17,S03,P08,22,1320.0
2026-08-18,S03,P08,19,1140.0
2026-08-19,S03,P08,14,840.0
2026-08-20,S03,P08,18,1080.0
2026-08-21,S03,P08,18,1080.0
2026-08-22,S03,P08,24,1440.0
2026-08-23,S03,P08,23,1380.0
2026-08-24,S03,P08,17,1020.0
2026-08-25,S03,P08,18,1080.0
2026-08-26,S03,P08,15,900.0
2026-08-27,S03,P08,15,900.0
2026-08-28,S03,P08,17,1020.0
2026-06-15,S03,P09,8,720.0
2026-06-16,S03,P09,9,810.0
2026-06-17,S03,P09,7,630.0
2026-06-18,S03,P09,6,540.0
2026-06-19,S03,P09,9,810.0
2026-06-20,S03,P09,14,1260.0
2026-06-21,S03,P09,9,810.0
2026-06-22,S03,P09,8,720.0
2026-06-23,S03,P09,9,810.0
2026-06-24,S03,P09,10,900.0
2026-06-25,S03,P09,9,810.0
2026-06-26,S03,P09,10,900.0
2026-06-27,S03,P09,10,900.0
2026-06-28,S03,P09,14,1260.0
2026-06-29,S03,P09,11,990.0
2026-06-30,S03,P09,10,900.0
2026-07-01,S03,P09,11,990.0
2026-07-02,S03,P09,9,810.0
2026-07-03,S03,P09,7,630.0
2026-07-04,S03,P09,14,1260.0
2026-07-05,S03,P09,11,990.0
2026-07-06,S03,P09,8,720.0
2026-07-07,S03,P09,10,900.0
2026-07-08,S03,P09,10,900.0
2026-07-09,S03,P09,11,990.0
2026-07-10,S03,P09,7,630.0
2026-07-11,S03,P09,9,810.0
2026-07-12,S03,P09,13,1170.0
2026-07-13,S03,P09,9,810.0
2026-07-14,S03,P09,11,990.0
2026-07-15,S03,P09,10,900.0
2026-07-16,S03,P09,10,900.0
2026-07-17,S03,P09,8,720.0
2026-07-18,S03,P09,13,1170.0
2026-07-19,S03,P09,12,1080.0
2026-07-20,S03,P09,8,720.0
2026-07-21,S03,P09,7,630.0
2026-07-22,S03,P09,7,630.0
2026-07-23,S03,P09,7,630.0
2026-07-24,S03,P09,7,630.0
2026-07-25,S03,P09,11,990.0
2026-07-26,S03,P09,11,990.0
2026-07-27,S03,P09,10,900.0
2026-07-28,S03,P09,9,810.0
2026-07-29,S03,P09,8,720.0
2026-07-30,S03,P09,7,630.0
2026-07-31,S03,P09,12,1080.0
2026-08-01,S03,P09,8,720.0
2026-08-02,S03,P09,15,1350.0
2026-08-03,S03,P09,8,720.0
2026-08-04,S03,P09,7,630.0
2026-08-05,S03,P09,9,810.0
2026-08-06,S03,P09,6,540.0
2026-08-07,S03,P09,7,630.0
2026-08-08,S03,P09,8,720.0
2026-08-09,S03,P09,10,900.0
2026-08-10,S03,P09,9,810.0
2026-08-11,S03,P09,11,990.0
2026-08-12,S03,P09,9,810.0
2026-08-13,S03,P09,8,720.0
2026-08-14,S03,P09,10,900.0
2026-08-15,S03,P09,8,720.0
2026-08-16,S03,P09,9,810.0
2026-08-17,S03,P09,10,900.0
2026-08-18,S03,P09,7,630.0
2026-08-19,S03,P09,8,720.0
2026-08-20,S03,P09,8,720.0
2026-08-21,S03,P09,9,810.0
2026-08-22,S03,P09,9,810.0
2026-08-23,S03,P09,14,1260.0
2026-08-24,S03,P09,8,720.0
2026-08-25,S03,P09,8,720.0
2026-08-26,S03,P09,6,540.0
2026-08-27,S03,P09,12,1080.0
2026-08-28,S03,P09,10,900.0
2026-06-15,S03,P10,6,780.0
2026-06-16,S03,P10,9,1170.0
2026-06-17,S03,P10,6,780.0
2026-06-18,S03,P10,8,1040.0
2026-06-19,S03,P10,5,650.0
2026-06-20,S03,P10,10,1300.0
2026-06-21,S03,P10,8,1040.0
2026-06-22,S03,P10,7,910.0
2026-06-23,S03,P10,9,1170.0
2026-06-24,S03,P10,9,1170.0
2026-06-25,S03,P10,6,780.0
2026-06-26,S03,P10,8,1040.0
2026-06-27,S03,P10,10,1300.0
2026-06-28,S03,P10,9,1170.0
2026-06-29,S03,P10,5,650.0
2026-06-30,S03,P10,7,910.0
2026-07-01,S03,P10,6,780.0
2026-07-02,S03,P10,6,780.0
2026-07-03,S03,P10,5,650.0
2026-07-04,S03,P10,10,1300.0
2026-07-05,S03,P10,12,1560.0
2026-07-06,S03,P10,6,780.0
2026-07-07,S03,P10,7,910.0
2026-07-08,S03,P10,5,650.0
2026-07-09,S03,P10,8,1040.0
2026-07-10,S03,P10,7,910.0
2026-07-11,S03,P10,9,1170.0
2026-07-12,S03,P10,8,1040.0
2026-07-13,S03,P10,9,1170.0
2026-07-14,S03,P10,7,910.0
2026-07-15,S03,P10,8,1040.0
2026-07-16,S03,P10,8,1040.0
2026-07-17,S03,P10,6,780.0
2026-07-18,S03,P10,11,1430.0
2026-07-19,S03,P10,8,1040.0
2026-07-20,S03,P10,7,910.0
2026-07-21,S03,P10,8,1040.0
2026-07-22,S03,P10,6,780.0
2026-07-23,S03,P10,9,1170.0
2026-07-24,S03,P10,8,1040.0
2026-07-25,S03,P10,7,910.0
2026-07-26,S03,P10,8,1040.0
2026-07-27,S03,P10,6,780.0
2026-07-28,S03,P10,7,910.0
2026-07-29,S03,P10,5,650.0
2026-07-30,S03,P10,7,910.0
2026-07-31,S03,P10,6,780.0
2026-08-01,S03,P10,9,1170.0
2026-08-02,S03,P10,10,1300.0
2026-08-03,S03,P10,6,780.0
2026-08-04,S03,P10,9,1170.0
2026-08-05,S03,P10,8,1040.0
2026-08-06,S03,P10,5,650.0
2026-08-07,S03,P10,6,780.0
2026-08-08,S03,P10,10,1300.0
2026-08-09,S03,P10,8,1040.0
2026-08-10,S03,P10,5,650.0
2026-08-11,S03,P10,8,1040.0
2026-08-12,S03,P10,7,910.0
2026-08-13,S03,P10,7,910.0
2026-08-14,S03,P10,7,910.0
2026-08-15,S03,P10,9,1170.0
2026-08-16,S03,P10,9,1170.0
2026-08-17,S03,P10,6,780.0
2026-08-18,S03,P10,7,910.0
2026-08-19,S03,P10,9,1170.0
2026-08-20,S03,P10,7,910.0
2026-08-21,S03,P10,9,1170.0
2026-08-22,S03,P10,7,910.0
2026-08-23,S03,P10,9,1170.0
2026-08-24,S03,P10,7,910.0
2026-08-25,S03,P10,8,1040.0
2026-08-26,S03,P10,7,910.0
2026-08-27,S03,P10,7,910.0
2026-08-28,S03,P10,8,1040.0
2026-06-15,S03,P11,5,2750.0
2026-06-16,S03,P11,4,2200.0
2026-06-17,S03,P11,4,2200.0
2026-06-18,S03,P11,4,2200.0
2026-06-19,S03,P11,4,2200.0
2026-06-20,S03,P11,4,2200.0
2026-06-21,S03,P11,7,3850.0
2026-06-22,S03,P11,5,2750.0
2026-06-23,S03,P11,3,1650.0
2026-06-24,S03,P11,4,2200.0
2026-06-25,S03,P11,5,2750.0
2026-06-26,S03,P11,3,1650.0
2026-06-27,S03,P11,5,2750.0
2026-06-28,S03,P11,5,2750.0
2026-06-29,S03,P11,4,2200.0
2026-06-30,S03,P11,3,1650.0
2026-07-01,S03,P11,4,2200.0
2026-07-02,S03,P11,3,1650.0
2026-07-03,S03,P11,5,2750.0
2026-07-04,S03,P11,4,2200.0
2026-07-05,S03,P11,4,2200.0
2026-07-06,S03,P11,3,1650.0
2026-07-07,S03,P11,3,1650.0
2026-07-08,S03,P11,3,1650.0
2026-07-09,S03,P11,4,2200.0
2026-07-10,S03,P11,4,2200.0
2026-07-11,S03,P11,5,2750.0
2026-07-12,S03,P11,6,3300.0
2026-07-13,S03,P11,4,2200.0
2026-07-14,S03,P11,3,1650.0
2026-07-15,S03,P11,3,1650.0
2026-07-16,S03,P11,5,2750.0
2026-07-17,S03,P11,3,1650.0
2026-07-18,S03,P11,7,3850.0
2026-07-19,S03,P11,6,3300.0
2026-07-20,S03,P11,5,2750.0
2026-07-21,S03,P11,5,2750.0
2026-07-22,S03,P11,4,2200.0
2026-07-23,S03,P11,4,2200.0
2026-07-24,S03,P11,4,2200.0
2026-07-25,S03,P11,6,3300.0
2026-07-26,S03,P11,6,3300.0
2026-07-27,S03,P11,5,2750.0
2026-07-28,S03,P11,5,2750.0
2026-07-29,S03,P11,3,1650.0
2026-07-30,S03,P11,4,2200.0
2026-07-31,S03,P11,4,2200.0
2026-08-01,S03,P11,6,3300.0
2026-08-02,S03,P11,6,3300.0
2026-08-03,S03,P11,3,1650.0
2026-08-04,S03,P11,3,1650.0
2026-08-05,S03,P11,4,2200.0
2026-08-06,S03,P11,3,1650.0
2026-08-07,S03,P11,3,1650.0
2026-08-08,S03,P11,5,2750.0
2026-08-09,S03,P11,4,2200.0
2026-08-10,S03,P11,4,2200.0
2026-08-11,S03,P11,4,2200.0
2026-08-12,S03,P11,5,2750.0
2026-08-13,S03,P11,4,2200.0
2026-08-14,S03,P11,4,2200.0
2026-08-15,S03,P11,6,3300.0
2026-08-16,S03,P11,6,3300.0
2026-08-17,S03,P11,4,2200.0
2026-08-18,S03,P11,4,2200.0
2026-08-19,S03,P11,4,2200.0
2026-08-20,S03,P11,4,2200.0
2026-08-21,S03,P11,3,1650.0
2026-08-22,S03,P11,6,3300.0
2026-08-23,S03,P11,5,2750.0
2026-08-24,S03,P11,4,2200.0
2026-08-25,S03,P11,4,2200.0
2026-08-26,S03,P11,4,2200.0
2026-08-27,S03,P11,4,2200.0
2026-08-28,S03,P11,5,2750.0
2026-06-15,S03,P12,6,1560.0
2026-06-16,S03,P12,5,1300.0
2026-06-17,S03,P12,5,1300.0
2026-06-18,S03,P12,6,1560.0
2026-06-19,S03,P12,4,1040.0
2026-06-20,S03,P12,5,1300.0
2026-06-21,S03,P12,7,1820.0
2026-06-22,S03,P12,5,1300.0
2026-06-23,S03,P12,5,1300.0
2026-06-24,S03,P12,6,1560.0
2026-06-25,S03,P12,5,1300.0
2026-06-26,S03,P12,5,1300.0
2026-06-27,S03,P12,8,2080.0
2026-06-28,S03,P12,5,1300.0
2026-06-29,S03,P12,4,1040.0
2026-06-30,S03,P12,4,1040.0
2026-07-01,S03,P12,4,1040.0
2026-07-02,S03,P12,4,1040.0
2026-07-03,S03,P12,6,1560.0
2026-07-04,S03,P12,5,1300.0
2026-07-05,S03,P12,8,2080.0
2026-07-06,S03,P12,4,1040.0
2026-07-07,S03,P12,4,1040.0
2026-07-08,S03,P12,6,1560.0
2026-07-09,S03,P12,6,1560.0
2026-07-10,S03,P12,6,1560.0
2026-07-11,S03,P12,8,2080.0
2026-07-12,S03,P12,7,1820.0
2026-07-13,S03,P12,5,1300.0
2026-07-14,S03,P12,5,1300.0
2026-07-15,S03,P12,4,1040.0
2026-07-16,S03,P12,5,1300.0
2026-07-17,S03,P12,4,1040.0
2026-07-18,S03,P12,6,1560.0
2026-07-19,S03,P12,8,2080.0
2026-07-20,S03,P12,4,1040.0
2026-07-21,S03,P12,4,1040.0
2026-07-22,S03,P12,4,1040.0
2026-07-23,S03,P12,5,1300.0
2026-07-24,S03,P12,5,1300.0
2026-07-25,S03,P12,5,1300.0
2026-07-26,S03,P12,5,1300.0
2026-07-27,S03,P12,4,1040.0
2026-07-28,S03,P12,5,1300.0
2026-07-29,S03,P12,5,1300.0
2026-07-30,S03,P12,6,1560.0
2026-07-31,S03,P12,6,1560.0
2026-08-01,S03,P12,8,2080.0
2026-08-02,S03,P12,5,1300.0
2026-08-03,S03,P12,5,1300.0
2026-08-04,S03,P12,4,1040.0
2026-08-05,S03,P12,6,1560.0
2026-08-06,S03,P12,5,1300.0
2026-08-07,S03,P12,6,1560.0
2026-08-08,S03,P12,8,2080.0
2026-08-09,S03,P12,6,1560.0
2026-08-10,S03,P12,6,1560.0
2026-08-11,S03,P12,5,1300.0
2026-08-12,S03,P12,6,1560.0
2026-08-13,S03,P12,4,1040.0
2026-08-14,S03,P12,6,1560.0
2026-08-15,S03,P12,7,1820.0
2026-08-16,S03,P12,8,2080.0
2026-08-17,S03,P12,6,1560.0
2026-08-18,S03,P12,5,1300.0
2026-08-19,S03,P12,5,1300.0
2026-08-20,S03,P12,4,1040.0
2026-08-21,S03,P12,5,1300.0
2026-08-22,S03,P12,6,1560.0
2026-08-23,S03,P12,7,1820.0
2026-08-24,S03,P12,4,1040.0
2026-08-25,S03,P12,6,1560.0
2026-08-26,S03,P12,4,1040.0
2026-08-27,S03,P12,6,1560.0
2026-08-28,S03,P12,6,1560.0
2026-06-15,S03,P13,2,640.0
2026-06-16,S03,P13,3,960.0
2026-06-17,S03,P13,3,960.0
2026-06-18,S03,P13,2,640.0
2026-06-19,S03,P13,2,640.0
2026-06-20,S03,P13,4,1280.0
2026-06-21,S03,P13,3,960.0
2026-06-22,S03,P13,3,960.0
2026-06-23,S03,P13,2,640.0
2026-06-24,S03,P13,3,960.0
2026-06-25,S03,P13,3,960.0
2026-06-26,S03,P13,2,640.0
2026-06-27,S03,P13,3,960.0
2026-06-28,S03,P13,4,1280.0
2026-06-29,S03,P13,3,960.0
2026-06-30,S03,P13,3,960.0
2026-07-01,S03,P13,2,640.0
2026-07-02,S03,P13,3,960.0
2026-07-03,S03,P13,3,960.0
2026-07-04,S03,P13,3,960.0
2026-07-05,S03,P13,3,960.0
2026-07-06,S03,P13,3,960.0
2026-07-07,S03,P13,3,960.0
2026-07-08,S03,P13,4,1280.0
2026-07-09,S03,P13,2,640.0
2026-07-10,S03,P13,3,960.0
2026-07-11,S03,P13,4,1280.0
2026-07-12,S03,P13,4,1280.0
2026-07-13,S03,P13,3,960.0
2026-07-14,S03,P13,3,960.0
2026-07-15,S03,P13,2,640.0
2026-07-16,S03,P13,3,960.0
2026-07-17,S03,P13,4,1280.0
2026-07-18,S03,P13,4,1280.0
2026-07-19,S03,P13,5,1600.0
2026-07-20,S03,P13,3,960.0
2026-07-21,S03,P13,2,640.0
2026-07-22,S03,P13,2,640.0
2026-07-23,S03,P13,4,1280.0
2026-07-24,S03,P13,2,640.0
2026-07-25,S03,P13,4,1280.0
2026-07-26,S03,P13,5,1600.0
2026-07-27,S03,P13,4,1280.0
2026-07-28,S03,P13,2,640.0
2026-07-29,S03,P13,2,640.0
2026-07-30,S03,P13,4,1280.0
2026-07-31,S03,P13,4,1280.0
2026-08-01,S03,P13,5,1600.0
2026-08-02,S03,P13,5,1600.0
2026-08-03,S03,P13,2,640.0
2026-08-04,S03,P13,3,960.0
2026-08-05,S03,P13,2,640.0
2026-08-06,S03,P13,3,960.0
2026-08-07,S03,P13,2,640.0
2026-08-08,S03,P13,3,960.0
2026-08-09,S03,P13,4,1280.0
2026-08-10,S03,P13,2,640.0
2026-08-11,S03,P13,3,960.0
2026-08-12,S03,P13,3,960.0
2026-08-13,S03,P13,3,960.0
2026-08-14,S03,P13,3,960.0
2026-08-15,S03,P13,3,960.0
2026-08-16,S03,P13,4,1280.0
2026-08-17,S03,P13,2,640.0
2026-08-18,S03,P13,3,960.0
2026-08-19,S03,P13,3,960.0
2026-08-20,S03,P13,2,640.0
2026-08-21,S03,P13,2,640.0
2026-08-22,S03,P13,3,960.0
2026-08-23,S03,P13,5,1600.0
2026-08-24,S03,P13,3,960.0
2026-08-25,S03,P13,2,640.0
2026-08-26,S03,P13,3,960.0
2026-08-27,S03,P13,2,640.0
2026-08-28,S03,P13,3,960.0
2026-06-15,S03,P14,10,1400.0
2026-06-16,S03,P14,6,840.0
2026-06-17,S03,P14,10,1400.0
2026-06-18,S03,P14,9,1260.0
2026-06-19,S03,P14,7,980.0
2026-06-20,S03,P14,10,1400.0
2026-06-21,S03,P14,13,1820.0
2026-06-22,S03,P14,6,840.0
2026-06-23,S03,P14,7,980.0
2026-06-24,S03,P14,10,1400.0
2026-06-25,S03,P14,8,1120.0
2026-06-26,S03,P14,6,840.0
2026-06-27,S03,P14,10,1400.0
2026-06-28,S03,P14,10,1400.0
2026-06-29,S03,P14,10,1400.0
2026-06-30,S03,P14,6,840.0
2026-07-01,S03,P14,7,980.0
2026-07-02,S03,P14,8,1120.0
2026-07-03,S03,P14,7,980.0
2026-07-04,S03,P14,10,1400.0
2026-07-05,S03,P14,8,1120.0
2026-07-06,S03,P14,7,980.0
2026-07-07,S03,P14,7,980.0
2026-07-08,S03,P14,9,1260.0
2026-07-09,S03,P14,7,980.0
2026-07-10,S03,P14,10,1400.0
2026-07-11,S03,P14,10,1400.0
2026-07-12,S03,P14,12,1680.0
2026-07-13,S03,P14,9,1260.0
2026-07-14,S03,P14,10,1400.0
2026-07-15,S03,P14,10,1400.0
2026-07-16,S03,P14,10,1400.0
2026-07-17,S03,P14,6,840.0
2026-07-18,S03,P14,11,1540.0
2026-07-19,S03,P14,9,1260.0
2026-07-20,S03,P14,6,840.0
2026-07-21,S03,P14,10,1400.0
2026-07-22,S03,P14,9,1260.0
2026-07-23,S03,P14,6,840.0
2026-07-24,S03,P14,7,980.0
2026-07-25,S03,P14,13,1820.0
2026-07-26,S03,P14,11,1540.0
2026-07-27,S03,P14,9,1260.0
2026-07-28,S03,P14,7,980.0
2026-07-29,S03,P14,7,980.0
2026-07-30,S03,P14,6,840.0
2026-07-31,S03,P14,10,1400.0
2026-08-01,S03,P14,13,1820.0
2026-08-02,S03,P14,9,1260.0
2026-08-03,S03,P14,8,1120.0
2026-08-04,S03,P14,7,980.0
2026-08-05,S03,P14,6,840.0
2026-08-06,S03,P14,8,1120.0
2026-08-07,S03,P14,9,1260.0
2026-08-08,S03,P14,13,1820.0
2026-08-09,S03,P14,9,1260.0
2026-08-10,S03,P14,9,1260.0
2026-08-11,S03,P14,8,1120.0
2026-08-12,S03,P14,6,840.0
2026-08-13,S03,P14,10,1400.0
2026-08-14,S03,P14,10,1400.0
2026-08-15,S03,P14,8,1120.0
2026-08-16,S03,P14,13,1820.0
2026-08-17,S03,P14,10,1400.0
2026-08-18,S03,P14,7,980.0
2026-08-19,S03,P14,8,1120.0
2026-08-20,S03,P14,10,1400.0
2026-08-21,S03,P14,6,840.0
2026-08-22,S03,P14,9,1260.0
2026-08-23,S03,P14,13,1820.0
2026-08-24,S03,P14,9,1260.0
2026-08-25,S03,P14,9,1260.0
2026-08-26,S03,P14,10,1400.0
2026-08-27,S03,P14,8,1120.0
2026-08-28,S03,P14,8,1120.0
2026-06-15,S03,P15,6,1140.0
2026-06-16,S03,P15,6,1140.0
2026-06-17,S03,P15,5,950.0
2026-06-18,S03,P15,5,950.0
2026-06-19,S03,P15,9,1710.0
2026-06-20,S03,P15,10,1900.0
2026-06-21,S03,P15,10,1900.0
2026-06-22,S03,P15,7,1330.0
2026-06-23,S03,P15,7,1330.0
2026-06-24,S03,P15,6,1140.0
2026-06-25,S03,P15,5,950.0
2026-06-26,S03,P15,5,950.0
2026-06-27,S03,P15,11,2090.0
2026-06-28,S03,P15,7,1330.0
2026-06-29,S03,P15,8,1520.0
2026-06-30,S03,P15,7,1330.0
2026-07-01,S03,P15,8,1520.0
2026-07-02,S03,P15,6,1140.0
2026-07-03,S03,P15,7,1330.0
2026-07-04,S03,P15,9,1710.0
2026-07-05,S03,P15,7,1330.0
2026-07-06,S03,P15,6,1140.0
2026-07-07,S03,P15,7,1330.0
2026-07-08,S03,P15,9,1710.0
2026-07-09,S03,P15,9,1710.0
2026-07-10,S03,P15,9,1710.0
2026-07-11,S03,P15,8,1520.0
2026-07-12,S03,P15,10,1900.0
2026-07-13,S03,P15,6,1140.0
2026-07-14,S03,P15,6,1140.0
2026-07-15,S03,P15,6,1140.0
2026-07-16,S03,P15,9,1710.0
2026-07-17,S03,P15,7,1330.0
2026-07-18,S03,P15,10,1900.0
2026-07-19,S03,P15,10,1900.0
2026-07-20,S03,P15,9,1710.0
2026-07-21,S03,P15,9,1710.0
2026-07-22,S03,P15,7,1330.0
2026-07-23,S03,P15,8,1520.0
2026-07-24,S03,P15,7,1330.0
2026-07-25,S03,P15,11,2090.0
2026-07-26,S03,P15,10,1900.0
2026-07-27,S03,P15,7,1330.0
2026-07-28,S03,P15,9,1710.0
2026-07-29,S03,P15,7,1330.0
2026-07-30,S03,P15,7,1330.0
2026-07-31,S03,P15,8,1520.0
2026-08-01,S03,P15,10,1900.0
2026-08-02,S03,P15,7,1330.0
2026-08-03,S03,P15,5,950.0
2026-08-04,S03,P15,7,1330.0
2026-08-05,S03,P15,9,1710.0
2026-08-06,S03,P15,9,1710.0
2026-08-07,S03,P15,6,1140.0
2026-08-08,S03,P15,9,1710.0
2026-08-09,S03,P15,12,2280.0
2026-08-10,S03,P15,5,950.0
2026-08-11,S03,P15,7,1330.0
2026-08-12,S03,P15,8,1520.0
2026-08-13,S03,P15,9,1710.0
2026-08-14,S03,P15,6,1140.0
2026-08-15,S03,P15,9,1710.0
2026-08-16,S03,P15,11,2090.0
2026-08-17,S03,P15,8,1520.0
2026-08-18,S03,P15,6,1140.0
2026-08-19,S03,P15,6,1140.0
2026-08-20,S03,P15,6,1140.0
2026-08-21,S03,P15,9,1710.0
2026-08-22,S03,P15,10,1900.0
2026-08-23,S03,P15,11,2090.0
2026-08-24,S03,P15,7,1330.0
2026-08-25,S03,P15,8,1520.0
2026-08-26,S03,P15,5,950.0
2026-08-27,S03,P15,7,1330.0
2026-08-28,S03,P15,6,1140.0
2026-06-15,S03,P16,5,1050.0
2026-06-16,S03,P16,4,840.0
2026-06-17,S03,P16,4,840.0
2026-06-18,S03,P16,5,1050.0
2026-06-19,S03,P16,6,1260.0
2026-06-20,S03,P16,8,1680.0
2026-06-21,S03,P16,8,1680.0
2026-06-22,S03,P16,4,840.0
2026-06-23,S03,P16,4,840.0
2026-06-24,S03,P16,5,1050.0
2026-06-25,S03,P16,6,1260.0
2026-06-26,S03,P16,4,840.0
2026-06-27,S03,P16,7,1470.0
2026-06-28,S03,P16,5,1050.0
2026-06-29,S03,P16,6,1260.0
2026-06-30,S03,P16,5,1050.0
2026-07-01,S03,P16,4,840.0
2026-07-02,S03,P16,6,1260.0
2026-07-03,S03,P16,6,1260.0
2026-07-04,S03,P16,8,1680.0
2026-07-05,S03,P16,7,1470.0
2026-07-06,S03,P16,4,840.0
2026-07-07,S03,P16,5,1050.0
2026-07-08,S03,P16,4,840.0
2026-07-09,S03,P16,4,840.0
2026-07-10,S03,P16,5,1050.0
2026-07-11,S03,P16,8,1680.0
2026-07-12,S03,P16,8,1680.0
2026-07-13,S03,P16,4,840.0
2026-07-14,S03,P16,4,840.0
2026-07-15,S03,P16,6,1260.0
2026-07-16,S03,P16,4,840.0
2026-07-17,S03,P16,4,840.0
2026-07-18,S03,P16,7,1470.0
2026-07-19,S03,P16,8,1680.0
2026-07-20,S03,P16,4,840.0
2026-07-21,S03,P16,4,840.0
2026-07-22,S03,P16,6,1260.0
2026-07-23,S03,P16,6,1260.0
2026-07-24,S03,P16,4,840.0
2026-07-25,S03,P16,8,1680.0
2026-07-26,S03,P16,5,1050.0
2026-07-27,S03,P16,5,1050.0
2026-07-28,S03,P16,5,1050.0
2026-07-29,S03,P16,6,1260.0
2026-07-30,S03,P16,5,1050.0
2026-07-31,S03,P16,5,1050.0
2026-08-01,S03,P16,5,1050.0
2026-08-02,S03,P16,7,1470.0
2026-08-03,S03,P16,5,1050.0
2026-08-04,S03,P16,5,1050.0
2026-08-05,S03,P16,5,1050.0
2026-08-06,S03,P16,4,840.0
2026-08-07,S03,P16,6,1260.0
2026-08-08,S03,P16,6,1260.0
2026-08-09,S03,P16,7,1470.0
2026-08-10,S03,P16,6,1260.0
2026-08-11,S03,P16,4,840.0
2026-08-12,S03,P16,4,840.0
2026-08-13,S03,P16,4,840.0
2026-08-14,S03,P16,5,1050.0
2026-08-15,S03,P16,5,1050.0
2026-08-16,S03,P16,5,1050.0
2026-08-17,S03,P16,5,1050.0
2026-08-18,S03,P16,5,1050.0
2026-08-19,S03,P16,4,840.0
2026-08-20,S03,P16,4,840.0
2026-08-21,S03,P16,4,840.0
2026-08-22,S03,P16,8,1680.0
2026-08-23,S03,P16,5,1050.0
2026-08-24,S03,P16,4,840.0
2026-08-25,S03,P16,5,1050.0
2026-08-26,S03,P16,6,1260.0
2026-08-27,S03,P16,5,1050.0
2026-08-28,S03,P16,5,1050.0
2026-06-15,S03,P18,0,0.0
2026-06-16,S03,P18,0,0.0
2026-06-17,S03,P18,1,125.0
2026-06-18,S03,P18,1,125.0
2026-06-19,S03,P18,1,125.0
2026-06-20,S03,P18,1,125.0
2026-06-21,S03,P18,0,0.0
2026-06-22,S03,P18,1,125.0
2026-06-23,S03,P18,2,250.0
2026-06-24,S03,P18,0,0.0
2026-06-25,S03,P18,1,125.0
2026-06-26,S03,P18,1,125.0
2026-06-27,S03,P18,0,0.0
2026-06-28,S03,P18,0,0.0
2026-06-29,S03,P18,2,250.0
2026-06-30,S03,P18,1,125.0
2026-07-01,S03,P18,1,125.0
2026-07-02,S03,P18,2,250.0
2026-07-03,S03,P18,1,125.0
2026-07-04,S03,P18,2,250.0
2026-07-05,S03,P18,0,0.0
2026-07-06,S03,P18,2,250.0
2026-07-07,S03,P18,0,0.0
2026-07-08,S03,P18,2,250.0
2026-07-09,S03,P18,0,0.0
2026-07-10,S03,P18,0,0.0
2026-07-11,S03,P18,2,250.0
2026-07-12,S03,P18,2,250.0
2026-07-13,S03,P18,2,250.0
2026-07-14,S03,P18,2,250.0
2026-07-15,S03,P18,0,0.0
2026-07-16,S03,P18,1,125.0
2026-07-17,S03,P18,2,250.0
2026-07-18,S03,P18,2,250.0
2026-07-19,S03,P18,2,250.0
2026-07-20,S03,P18,2,250.0
2026-07-21,S03,P18,1,125.0
2026-07-22,S03,P18,1,125.0
2026-07-23,S03,P18,2,250.0
2026-07-24,S03,P18,1,125.0
2026-07-25,S03,P18,1,125.0
2026-07-26,S03,P18,2,250.0
2026-07-27,S03,P18,2,250.0
2026-07-28,S03,P18,2,250.0
2026-07-29,S03,P18,1,125.0
2026-07-30,S03,P18,0,0.0
2026-07-31,S03,P18,2,250.0
2026-08-01,S03,P18,2,250.0
2026-08-02,S03,P18,1,125.0
2026-08-03,S03,P18,2,250.0
2026-08-04,S03,P18,2,250.0
2026-08-05,S03,P18,2,250.0
2026-08-06,S03,P18,1,125.0
2026-08-07,S03,P18,1,125.0
2026-08-08,S03,P18,0,0.0
2026-08-09,S03,P18,2,250.0
2026-08-10,S03,P18,0,0.0
2026-08-11,S03,P18,2,250.0
2026-08-12,S03,P18,1,125.0
2026-08-13,S03,P18,0,0.0
2026-08-14,S03,P18,0,0.0
2026-08-15,S03,P18,0,0.0
2026-08-16,S03,P18,0,0.0
2026-08-17,S03,P18,0,0.0
2026-08-18,S03,P18,0,0.0
2026-08-19,S03,P18,0,0.0
2026-08-20,S03,P18,0,0.0
2026-08-21,S03,P18,0,0.0
2026-08-22,S03,P18,0,0.0
2026-08-23,S03,P18,0,0.0
2026-08-24,S03,P18,0,0.0
2026-08-25,S03,P18,0,0.0
2026-08-26,S03,P18,0,0.0
2026-08-27,S03,P18,0,0.0
2026-08-28,S03,P18,0,0.0
2026-06-15,S03,P19,2,560.0
2026-06-16,S03,P19,3,840.0
2026-06-17,S03,P19,2,560.0
2026-06-18,S03,P19,4,1120.0
2026-06-19,S03,P19,4,1120.0
2026-06-20,S03,P19,5,1400.0
2026-06-21,S03,P19,4,1120.0
2026-06-22,S03,P19,3,840.0
2026-06-23,S03,P19,3,840.0
2026-06-24,S03,P19,3,840.0
2026-06-25,S03,P19,2,560.0
2026-06-26,S03,P19,2,560.0
2026-06-27,S03,P19,3,840.0
2026-06-28,S03,P19,5,1400.0
2026-06-29,S03,P19,3,840.0
2026-06-30,S03,P19,3,840.0
2026-07-01,S03,P19,3,840.0
2026-07-02,S03,P19,2,560.0
2026-07-03,S03,P19,3,840.0
2026-07-04,S03,P19,4,1120.0
2026-07-05,S03,P19,4,1120.0
2026-07-06,S03,P19,3,840.0
2026-07-07,S03,P19,2,560.0
2026-07-08,S03,P19,2,560.0
2026-07-09,S03,P19,3,840.0
2026-07-10,S03,P19,3,840.0
2026-07-11,S03,P19,4,1120.0
2026-07-12,S03,P19,5,1400.0
2026-07-13,S03,P19,4,1120.0
2026-07-14,S03,P19,3,840.0
2026-07-15,S03,P19,3,840.0
2026-07-16,S03,P19,3,840.0
2026-07-17,S03,P19,4,1120.0
2026-07-18,S03,P19,4,1120.0
2026-07-19,S03,P19,4,1120.0
2026-07-20,S03,P19,4,1120.0
2026-07-21,S03,P19,3,840.0
2026-07-22,S03,P19,3,840.0
2026-07-23,S03,P19,4,1120.0
2026-07-24,S03,P19,3,840.0
2026-07-25,S03,P19,4,1120.0
2026-07-26,S03,P19,3,840.0
2026-07-27,S03,P19,3,840.0
2026-07-28,S03,P19,2,560.0
2026-07-29,S03,P19,3,840.0
2026-07-30,S03,P19,4,1120.0
2026-07-31,S03,P19,4,1120.0
2026-08-01,S03,P19,4,1120.0
2026-08-02,S03,P19,5,1400.0
2026-08-03,S03,P19,3,840.0
2026-08-04,S03,P19,2,560.0
2026-08-05,S03,P19,4,1120.0
2026-08-06,S03,P19,3,840.0
2026-08-07,S03,P19,4,1120.0
2026-08-08,S03,P19,4,1120.0
2026-08-09,S03,P19,4,1120.0
2026-08-10,S03,P19,3,840.0
2026-08-11,S03,P19,4,1120.0
2026-08-12,S03,P19,3,840.0
2026-08-13,S03,P19,3,840.0
2026-08-14,S03,P19,3,840.0
2026-08-15,S03,P19,3,840.0
2026-08-16,S03,P19,4,1120.0
2026-08-17,S03,P19,3,840.0
2026-08-18,S03,P19,3,840.0
2026-08-19,S03,P19,3,840.0
2026-08-20,S03,P19,4,1120.0
2026-08-21,S03,P19,2,560.0
2026-08-22,S03,P19,3,840.0
2026-08-23,S03,P19,3,840.0
2026-08-24,S03,P19,4,1120.0
2026-08-25,S03,P19,4,1120.0
2026-08-26,S03,P19,4,1120.0
2026-08-27,S03,P19,3,840.0
2026-08-28,S03,P19,2,560.0
2026-06-15,S03,P20,3,540.0
2026-06-16,S03,P20,5,900.0
2026-06-17,S03,P20,5,900.0
2026-06-18,S03,P20,4,720.0
2026-06-19,S03,P20,5,900.0
2026-06-20,S03,P20,4,720.0
2026-06-21,S03,P20,6,1080.0
2026-06-22,S03,P20,5,900.0
2026-06-23,S03,P20,5,900.0
2026-06-24,S03,P20,4,720.0
2026-06-25,S03,P20,3,540.0
2026-06-26,S03,P20,5,900.0
2026-06-27,S03,P20,5,900.0
2026-06-28,S03,P20,6,1080.0
2026-06-29,S03,P20,4,720.0
2026-06-30,S03,P20,3,540.0
2026-07-01,S03,P20,5,900.0
2026-07-02,S03,P20,4,720.0
2026-07-03,S03,P20,4,720.0
2026-07-04,S03,P20,4,720.0
2026-07-05,S03,P20,5,900.0
2026-07-06,S03,P20,3,540.0
2026-07-07,S03,P20,4,720.0
2026-07-08,S03,P20,4,720.0
2026-07-09,S03,P20,4,720.0
2026-07-10,S03,P20,4,720.0
2026-07-11,S03,P20,5,900.0
2026-07-12,S03,P20,6,1080.0
2026-07-13,S03,P20,4,720.0
2026-07-14,S03,P20,3,540.0
2026-07-15,S03,P20,3,540.0
2026-07-16,S03,P20,4,720.0
2026-07-17,S03,P20,4,720.0
2026-07-18,S03,P20,4,720.0
2026-07-19,S03,P20,4,720.0
2026-07-20,S03,P20,3,540.0
2026-07-21,S03,P20,3,540.0
2026-07-22,S03,P20,4,720.0
2026-07-23,S03,P20,4,720.0
2026-07-24,S03,P20,3,540.0
2026-07-25,S03,P20,5,900.0
2026-07-26,S03,P20,5,900.0
2026-07-27,S03,P20,3,540.0
2026-07-28,S03,P20,4,720.0
2026-07-29,S03,P20,3,540.0
2026-07-30,S03,P20,3,540.0
2026-07-31,S03,P20,3,540.0
2026-08-01,S03,P20,6,1080.0
2026-08-02,S03,P20,5,900.0
2026-08-03,S03,P20,4,720.0
2026-08-04,S03,P20,3,540.0
2026-08-05,S03,P20,4,720.0
2026-08-06,S03,P20,4,720.0
2026-08-07,S03,P20,3,540.0
2026-08-08,S03,P20,4,720.0
2026-08-09,S03,P20,5,900.0
2026-08-10,S03,P20,3,540.0
2026-08-11,S03,P20,4,720.0
2026-08-12,S03,P20,4,720.0
2026-08-13,S03,P20,5,900.0
2026-08-14,S03,P20,4,720.0
2026-08-15,S03,P20,6,1080.0
2026-08-16,S03,P20,5,900.0
2026-08-17,S03,P20,5,900.0
2026-08-18,S03,P20,5,900.0
2026-08-19,S03,P20,4,720.0
2026-08-20,S03,P20,4,720.0
2026-08-21,S03,P20,5,900.0
2026-08-22,S03,P20,6,1080.0
2026-08-23,S03,P20,5,900.0
2026-08-24,S03,P20,3,540.0
2026-08-25,S03,P20,5,900.0
2026-08-26,S03,P20,5,900.0
2026-08-27,S03,P20,4,720.0
2026-08-28,S03,P20,4,720.0
2026-06-15,S03,P21,8,1160.0
2026-06-16,S03,P21,10,1450.0
2026-06-17,S03,P21,6,870.0
2026-06-18,S03,P21,10,1450.0
2026-06-19,S03,P21,7,1015.0
2026-06-20,S03,P21,10,1450.0
2026-06-21,S03,P21,8,1160.0
2026-06-22,S03,P21,10,1450.0
2026-06-23,S03,P21,7,1015.0
2026-06-24,S03,P21,10,1450.0
2026-06-25,S03,P21,7,1015.0
2026-06-26,S03,P21,8,1160.0
2026-06-27,S03,P21,8,1160.0
2026-06-28,S03,P21,8,1160.0
2026-06-29,S03,P21,8,1160.0
2026-06-30,S03,P21,10,1450.0
2026-07-01,S03,P21,7,1015.0
2026-07-02,S03,P21,7,1015.0
2026-07-03,S03,P21,8,1160.0
2026-07-04,S03,P21,10,1450.0
2026-07-05,S03,P21,10,1450.0
2026-07-06,S03,P21,9,1305.0
2026-07-07,S03,P21,6,870.0
2026-07-08,S03,P21,8,1160.0
2026-07-09,S03,P21,6,870.0
2026-07-10,S03,P21,7,1015.0
2026-07-11,S03,P21,10,1450.0
2026-07-12,S03,P21,11,1595.0
2026-07-13,S03,P21,7,1015.0
2026-07-14,S03,P21,7,1015.0
2026-07-15,S03,P21,6,870.0
2026-07-16,S03,P21,8,1160.0
2026-07-17,S03,P21,6,870.0
2026-07-18,S03,P21,9,1305.0
2026-07-19,S03,P21,12,1740.0
2026-07-20,S03,P21,8,1160.0
2026-07-21,S03,P21,10,1450.0
2026-07-22,S03,P21,8,1160.0
2026-07-23,S03,P21,7,1015.0
2026-07-24,S03,P21,9,1305.0
2026-07-25,S03,P21,8,1160.0
2026-07-26,S03,P21,11,1595.0
2026-07-27,S03,P21,9,1305.0
2026-07-28,S03,P21,9,1305.0
2026-07-29,S03,P21,10,1450.0
2026-07-30,S03,P21,6,870.0
2026-07-31,S03,P21,8,1160.0
2026-08-01,S03,P21,9,1305.0
2026-08-02,S03,P21,8,1160.0
2026-08-03,S03,P21,8,1160.0
2026-08-04,S03,P21,7,1015.0
2026-08-05,S03,P21,8,1160.0
2026-08-06,S03,P21,8,1160.0
2026-08-07,S03,P21,9,1305.0
2026-08-08,S03,P21,11,1595.0
2026-08-09,S03,P21,12,1740.0
2026-08-10,S03,P21,7,1015.0
2026-08-11,S03,P21,9,1305.0
2026-08-12,S03,P21,6,870.0
2026-08-13,S03,P21,7,1015.0
2026-08-14,S03,P21,6,870.0
2026-08-15,S03,P21,11,1595.0
2026-08-16,S03,P21,12,1740.0
2026-08-17,S03,P21,9,1305.0
2026-08-18,S03,P21,9,1305.0
2026-08-19,S03,P21,9,1305.0
2026-08-20,S03,P21,8,1160.0
2026-08-21,S03,P21,7,1015.0
2026-08-22,S03,P21,11,1595.0
2026-08-23,S03,P21,10,1450.0
2026-08-24,S03,P21,7,1015.0
2026-08-25,S03,P21,10,1450.0
2026-08-26,S03,P21,7,1015.0
2026-08-27,S03,P21,9,1305.0
2026-08-28,S03,P21,9,1305.0
2026-06-15,S03,P22,7,1540.0
2026-06-16,S03,P22,7,1540.0
2026-06-17,S03,P22,8,1760.0
2026-06-18,S03,P22,6,1320.0
2026-06-19,S03,P22,6,1320.0
2026-06-20,S03,P22,8,1760.0
2026-06-21,S03,P22,9,1980.0
2026-06-22,S03,P22,7,1540.0
2026-06-23,S03,P22,4,880.0
2026-06-24,S03,P22,7,1540.0
2026-06-25,S03,P22,8,1760.0
2026-06-26,S03,P22,4,880.0
2026-06-27,S03,P22,8,1760.0
2026-06-28,S03,P22,10,2200.0
2026-06-29,S03,P22,5,1100.0
2026-06-30,S03,P22,5,1100.0
2026-07-01,S03,P22,4,880.0
2026-07-02,S03,P22,6,1320.0
2026-07-03,S03,P22,6,1320.0
2026-07-04,S03,P22,8,1760.0
2026-07-05,S03,P22,9,1980.0
2026-07-06,S03,P22,6,1320.0
2026-07-07,S03,P22,6,1320.0
2026-07-08,S03,P22,5,1100.0
2026-07-09,S03,P22,5,1100.0
2026-07-10,S03,P22,5,1100.0
2026-07-11,S03,P22,8,1760.0
2026-07-12,S03,P22,9,1980.0
2026-07-13,S03,P22,5,1100.0
2026-07-14,S03,P22,6,1320.0
2026-07-15,S03,P22,5,1100.0
2026-07-16,S03,P22,7,1540.0
2026-07-17,S03,P22,5,1100.0
2026-07-18,S03,P22,6,1320.0
2026-07-19,S03,P22,8,1760.0
2026-07-20,S03,P22,5,1100.0
2026-07-21,S03,P22,7,1540.0
2026-07-22,S03,P22,7,1540.0
2026-07-23,S03,P22,8,1760.0
2026-07-24,S03,P22,5,1100.0
2026-07-25,S03,P22,6,1320.0
2026-07-26,S03,P22,9,1980.0
2026-07-27,S03,P22,7,1540.0
2026-07-28,S03,P22,7,1540.0
2026-07-29,S03,P22,7,1540.0
2026-07-30,S03,P22,8,1760.0
2026-07-31,S03,P22,6,1320.0
2026-08-01,S03,P22,8,1760.0
2026-08-02,S03,P22,7,1540.0
2026-08-03,S03,P22,7,1540.0
2026-08-04,S03,P22,6,1320.0
2026-08-05,S03,P22,5,1100.0
2026-08-06,S03,P22,6,1320.0
2026-08-07,S03,P22,4,880.0
2026-08-08,S03,P22,8,1760.0
2026-08-09,S03,P22,9,1980.0
2026-08-10,S03,P22,7,1540.0
2026-08-11,S03,P22,5,1100.0
2026-08-12,S03,P22,8,1760.0
2026-08-13,S03,P22,6,1320.0
2026-08-14,S03,P22,4,880.0
2026-08-15,S03,P22,6,1320.0
2026-08-16,S03,P22,8,1760.0
2026-08-17,S03,P22,6,1320.0
2026-08-18,S03,P22,6,1320.0
2026-08-19,S03,P22,8,1760.0
2026-08-20,S03,P22,4,880.0
2026-08-21,S03,P22,7,1540.0
2026-08-22,S03,P22,8,1760.0
2026-08-23,S03,P22,9,1980.0
2026-08-24,S03,P22,7,1540.0
2026-08-25,S03,P22,5,1100.0
2026-08-26,S03,P22,6,1320.0
2026-08-27,S03,P22,6,1320.0
2026-08-28,S03,P22,6,1320.0
2026-06-15,S03,P23,10,1600.0
2026-06-16,S03,P23,9,1440.0
2026-06-17,S03,P23,9,1440.0
2026-06-18,S03,P23,10,1600.0
2026-06-19,S03,P23,11,1760.0
2026-06-20,S03,P23,12,1920.0
2026-06-21,S03,P23,8,1280.0
2026-06-22,S03,P23,9,1440.0
2026-06-23,S03,P23,11,1760.0
2026-06-24,S03,P23,9,1440.0
2026-06-25,S03,P23,8,1280.0
2026-06-26,S03,P23,8,1280.0
2026-06-27,S03,P23,15,2400.0
2026-06-28,S03,P23,10,1600.0
2026-06-29,S03,P23,7,1120.0
2026-06-30,S03,P23,10,1600.0
2026-07-01,S03,P23,10,1600.0
2026-07-02,S03,P23,8,1280.0
2026-07-03,S03,P23,11,1760.0
2026-07-04,S03,P23,10,1600.0
2026-07-05,S03,P23,13,2080.0
2026-07-06,S03,P23,9,1440.0
2026-07-07,S03,P23,9,1440.0
2026-07-08,S03,P23,10,1600.0
2026-07-09,S03,P23,8,1280.0
2026-07-10,S03,P23,10,1600.0
2026-07-11,S03,P23,8,1280.0
2026-07-12,S03,P23,12,1920.0
2026-07-13,S03,P23,7,1120.0
2026-07-14,S03,P23,7,1120.0
2026-07-15,S03,P23,11,1760.0
2026-07-16,S03,P23,8,1280.0
2026-07-17,S03,P23,10,1600.0
2026-07-18,S03,P23,10,1600.0
2026-07-19,S03,P23,10,1600.0
2026-07-20,S03,P23,10,1600.0
2026-07-21,S03,P23,10,1600.0
2026-07-22,S03,P23,11,1760.0
2026-07-23,S03,P23,10,1600.0
2026-07-24,S03,P23,10,1600.0
2026-07-25,S03,P23,11,1760.0
2026-07-26,S03,P23,9,1440.0
2026-07-27,S03,P23,11,1760.0
2026-07-28,S03,P23,8,1280.0
2026-07-29,S03,P23,7,1120.0
2026-07-30,S03,P23,9,1440.0
2026-07-31,S03,P23,6,960.0
2026-08-01,S03,P23,15,2400.0
2026-08-02,S03,P23,15,2400.0
2026-08-03,S03,P23,10,1600.0
2026-08-04,S03,P23,11,1760.0
2026-08-05,S03,P23,11,1760.0
2026-08-06,S03,P23,10,1600.0
2026-08-07,S03,P23,9,1440.0
2026-08-08,S03,P23,11,1760.0
2026-08-09,S03,P23,13,2080.0
2026-08-10,S03,P23,10,1600.0
2026-08-11,S03,P23,7,1120.0
2026-08-12,S03,P23,9,1440.0
2026-08-13,S03,P23,11,1760.0
2026-08-14,S03,P23,7,1120.0
2026-08-15,S03,P23,10,1600.0
2026-08-16,S03,P23,14,2240.0
2026-08-17,S03,P23,7,1120.0
2026-08-18,S03,P23,9,1440.0
2026-08-19,S03,P23,9,1440.0
2026-08-20,S03,P23,9,1440.0
2026-08-21,S03,P23,11,1760.0
2026-08-22,S03,P23,15,2400.0
2026-08-23,S03,P23,10,1600.0
2026-08-24,S03,P23,10,1600.0
2026-08-25,S03,P23,8,1280.0
2026-08-26,S03,P23,8,1280.0
2026-08-27,S03,P23,9,1440.0
2026-08-28,S03,P23,9,1440.0
2026-06-15,S03,P24,5,675.0
2026-06-16,S03,P24,4,540.0
2026-06-17,S03,P24,5,675.0
2026-06-18,S03,P24,6,810.0
2026-06-19,S03,P24,4,540.0
2026-06-20,S03,P24,7,945.0
2026-06-21,S03,P24,6,810.0
2026-06-22,S03,P24,6,810.0
2026-06-23,S03,P24,5,675.0
2026-06-24,S03,P24,5,675.0
2026-06-25,S03,P24,4,540.0
2026-06-26,S03,P24,4,540.0
2026-06-27,S03,P24,8,1080.0
2026-06-28,S03,P24,6,810.0
2026-06-29,S03,P24,5,675.0
2026-06-30,S03,P24,5,675.0
2026-07-01,S03,P24,6,810.0
2026-07-02,S03,P24,4,540.0
2026-07-03,S03,P24,6,810.0
2026-07-04,S03,P24,8,1080.0
2026-07-05,S03,P24,7,945.0
2026-07-06,S03,P24,6,810.0
2026-07-07,S03,P24,6,810.0
2026-07-08,S03,P24,4,540.0
2026-07-09,S03,P24,4,540.0
2026-07-10,S03,P24,4,540.0
2026-07-11,S03,P24,5,675.0
2026-07-12,S03,P24,6,810.0
2026-07-13,S03,P24,5,675.0
2026-07-14,S03,P24,6,810.0
2026-07-15,S03,P24,5,675.0
2026-07-16,S03,P24,6,810.0
2026-07-17,S03,P24,4,540.0
2026-07-18,S03,P24,5,675.0
2026-07-19,S03,P24,7,945.0
2026-07-20,S03,P24,4,540.0
2026-07-21,S03,P24,5,675.0
2026-07-22,S03,P24,6,810.0
2026-07-23,S03,P24,4,540.0
2026-07-24,S03,P24,5,675.0
2026-07-25,S03,P24,5,675.0
2026-07-26,S03,P24,8,1080.0
2026-07-27,S03,P24,4,540.0
2026-07-28,S03,P24,5,675.0
2026-07-29,S03,P24,5,675.0
2026-07-30,S03,P24,6,810.0
2026-07-31,S03,P24,5,675.0
2026-08-01,S03,P24,8,1080.0
2026-08-02,S03,P24,5,675.0
2026-08-03,S03,P24,4,540.0
2026-08-04,S03,P24,4,540.0
2026-08-05,S03,P24,4,540.0
2026-08-06,S03,P24,5,675.0
2026-08-07,S03,P24,4,540.0
2026-08-08,S03,P24,6,810.0
2026-08-09,S03,P24,8,1080.0
2026-08-10,S03,P24,6,810.0
2026-08-11,S03,P24,6,810.0
2026-08-12,S03,P24,6,810.0
2026-08-13,S03,P24,6,810.0
2026-08-14,S03,P24,4,540.0
2026-08-15,S03,P24,8,1080.0
2026-08-16,S03,P24,6,810.0
2026-08-17,S03,P24,4,540.0
2026-08-18,S03,P24,5,675.0
2026-08-19,S03,P24,6,810.0
2026-08-20,S03,P24,4,540.0
2026-08-21,S03,P24,6,810.0
2026-08-22,S03,P24,5,675.0
2026-08-23,S03,P24,5,675.0
2026-08-24,S03,P24,6,810.0
2026-08-25,S03,P24,4,540.0
2026-08-26,S03,P24,5,675.0
2026-08-27,S03,P24,5,675.0
2026-08-28,S03,P24,4,540.0
2026-06-15,S03,P25,4,780.0
2026-06-16,S03,P25,5,975.0
2026-06-17,S03,P25,6,1170.0
2026-06-18,S03,P25,6,1170.0
2026-06-19,S03,P25,4,780.0
2026-06-20,S03,P25,5,975.0
2026-06-21,S03,P25,7,1365.0
2026-06-22,S03,P25,4,780.0
2026-06-23,S03,P25,5,975.0
2026-06-24,S03,P25,6,1170.0
2026-06-25,S03,P25,4,780.0
2026-06-26,S03,P25,5,975.0
2026-06-27,S03,P25,8,1560.0
2026-06-28,S03,P25,7,1365.0
2026-06-29,S03,P25,4,780.0
2026-06-30,S03,P25,6,1170.0
2026-07-01,S03,P25,6,1170.0
2026-07-02,S03,P25,5,975.0
2026-07-03,S03,P25,5,975.0
2026-07-04,S03,P25,8,1560.0
2026-07-05,S03,P25,6,1170.0
2026-07-06,S03,P25,5,975.0
2026-07-07,S03,P25,6,1170.0
2026-07-08,S03,P25,6,1170.0
2026-07-09,S03,P25,6,1170.0
2026-07-10,S03,P25,5,975.0
2026-07-11,S03,P25,5,975.0
2026-07-12,S03,P25,8,1560.0
2026-07-13,S03,P25,6,1170.0
2026-07-14,S03,P25,5,975.0
2026-07-15,S03,P25,5,975.0
2026-07-16,S03,P25,6,1170.0
2026-07-17,S03,P25,5,975.0
2026-07-18,S03,P25,7,1365.0
2026-07-19,S03,P25,6,1170.0
2026-07-20,S03,P25,5,975.0
2026-07-21,S03,P25,6,1170.0
2026-07-22,S03,P25,4,780.0
2026-07-23,S03,P25,5,975.0
2026-07-24,S03,P25,6,1170.0
2026-07-25,S03,P25,5,975.0
2026-07-26,S03,P25,6,1170.0
2026-07-27,S03,P25,6,1170.0
2026-07-28,S03,P25,5,975.0
2026-07-29,S03,P25,4,780.0
2026-07-30,S03,P25,4,780.0
2026-07-31,S03,P25,5,975.0
2026-08-01,S03,P25,5,975.0
2026-08-02,S03,P25,7,1365.0
2026-08-03,S03,P25,6,1170.0
2026-08-04,S03,P25,5,975.0
2026-08-05,S03,P25,5,975.0
2026-08-06,S03,P25,4,780.0
2026-08-07,S03,P25,5,975.0
2026-08-08,S03,P25,7,1365.0
2026-08-09,S03,P25,5,975.0
2026-08-10,S03,P25,4,780.0
2026-08-11,S03,P25,6,1170.0
2026-08-12,S03,P25,5,975.0
2026-08-13,S03,P25,5,975.0
2026-08-14,S03,P25,4,780.0
2026-08-15,S03,P25,7,1365.0
2026-08-16,S03,P25,6,1170.0
2026-08-17,S03,P25,5,975.0
2026-08-18,S03,P25,6,1170.0
2026-08-19,S03,P25,5,975.0
2026-08-20,S03,P25,6,1170.0
2026-08-21,S03,P25,4,780.0
2026-08-22,S03,P25,5,975.0
2026-08-23,S03,P25,8,1560.0
2026-08-24,S03,P25,4,780.0
2026-08-25,S03,P25,4,780.0
2026-08-26,S03,P25,6,1170.0
2026-08-27,S03,P25,6,1170.0
2026-08-28,S03,P25,5,975.0
2026-06-15,S04,P01,22,990.0
2026-06-16,S04,P01,16,720.0
2026-06-17,S04,P01,14,630.0
2026-06-18,S04,P01,22,990.0
2026-06-19,S04,P01,19,855.0
2026-06-20,S04,P01,18,810.0
2026-06-21,S04,P01,31,1395.0
2026-06-22,S04,P01,20,900.0
2026-06-23,S04,P01,16,720.0
2026-06-24,S04,P01,21,945.0
2026-06-25,S04,P01,13,585.0
2026-06-26,S04,P01,21,945.0
2026-06-27,S04,P01,31,1395.0
2026-06-28,S04,P01,29,1305.0
2026-06-29,S04,P01,14,630.0
2026-06-30,S04,P01,20,900.0
2026-07-01,S04,P01,23,1035.0
2026-07-02,S04,P01,14,630.0
2026-07-03,S04,P01,23,1035.0
2026-07-04,S04,P01,19,855.0
2026-07-05,S04,P01,26,1170.0
2026-07-06,S04,P01,20,900.0
2026-07-07,S04,P01,14,630.0
2026-07-08,S04,P01,16,720.0
2026-07-09,S04,P01,17,765.0
2026-07-10,S04,P01,23,1035.0
2026-07-11,S04,P01,28,1260.0
2026-07-12,S04,P01,23,1035.0
2026-07-13,S04,P01,15,675.0
2026-07-14,S04,P01,21,945.0
2026-07-15,S04,P01,20,900.0
2026-07-16,S04,P01,17,765.0
2026-07-17,S04,P01,24,1080.0
2026-07-18,S04,P01,20,900.0
2026-07-19,S04,P01,18,810.0
2026-07-20,S04,P01,15,675.0
2026-07-21,S04,P01,14,630.0
2026-07-22,S04,P01,16,720.0
2026-07-23,S04,P01,22,990.0
2026-07-24,S04,P01,15,675.0
2026-07-25,S04,P01,23,1035.0
2026-07-26,S04,P01,20,900.0
2026-07-27,S04,P01,16,720.0
2026-07-28,S04,P01,20,900.0
2026-07-29,S04,P01,15,675.0
2026-07-30,S04,P01,22,990.0
2026-07-31,S04,P01,21,945.0
2026-08-01,S04,P01,23,1035.0
2026-08-02,S04,P01,20,900.0
2026-08-03,S04,P01,23,1035.0
2026-08-04,S04,P01,14,630.0
2026-08-05,S04,P01,13,585.0
2026-08-06,S04,P01,24,1080.0
2026-08-07,S04,P01,21,945.0
2026-08-08,S04,P01,26,1170.0
2026-08-09,S04,P01,21,945.0
2026-08-10,S04,P01,21,945.0
2026-08-11,S04,P01,22,990.0
2026-08-12,S04,P01,19,855.0
2026-08-13,S04,P01,15,675.0
2026-08-14,S04,P01,15,675.0
2026-08-15,S04,P01,21,945.0
2026-08-16,S04,P01,24,1080.0
2026-08-17,S04,P01,16,720.0
2026-08-18,S04,P01,15,675.0
2026-08-19,S04,P01,21,945.0
2026-08-20,S04,P01,20,900.0
2026-08-21,S04,P01,21,945.0
2026-08-22,S04,P01,26,1170.0
2026-08-23,S04,P01,19,855.0
2026-08-24,S04,P01,23,1035.0
2026-08-25,S04,P01,17,765.0
2026-08-26,S04,P01,18,810.0
2026-08-27,S04,P01,20,900.0
2026-08-28,S04,P01,15,675.0
2026-06-15,S04,P02,16,1360.0
2026-06-16,S04,P02,18,1530.0
2026-06-17,S04,P02,19,1615.0
2026-06-18,S04,P02,15,1275.0
2026-06-19,S04,P02,15,1275.0
2026-06-20,S04,P02,21,1785.0
2026-06-21,S04,P02,16,1360.0
2026-06-22,S04,P02,11,935.0
2026-06-23,S04,P02,12,1020.0
2026-06-24,S04,P02,12,1020.0
2026-06-25,S04,P02,18,1530.0
2026-06-26,S04,P02,19,1615.0
2026-06-27,S04,P02,19,1615.0
2026-06-28,S04,P02,16,1360.0
2026-06-29,S04,P02,19,1615.0
2026-06-30,S04,P02,11,935.0
2026-07-01,S04,P02,14,1190.0
2026-07-02,S04,P02,12,1020.0
2026-07-03,S04,P02,13,1105.0
2026-07-04,S04,P02,21,1785.0
2026-07-05,S04,P02,24,2040.0
2026-07-06,S04,P02,15,1275.0
2026-07-07,S04,P02,11,935.0
2026-07-08,S04,P02,11,935.0
2026-07-09,S04,P02,15,1275.0
2026-07-10,S04,P02,12,1020.0
2026-07-11,S04,P02,14,1190.0
2026-07-12,S04,P02,20,1700.0
2026-07-13,S04,P02,11,935.0
2026-07-14,S04,P02,13,1105.0
2026-07-15,S04,P02,15,1275.0
2026-07-16,S04,P02,16,1360.0
2026-07-17,S04,P02,14,1190.0
2026-07-18,S04,P02,22,1870.0
2026-07-19,S04,P02,24,2040.0
2026-07-20,S04,P02,13,1105.0
2026-07-21,S04,P02,11,935.0
2026-07-22,S04,P02,13,1105.0
2026-07-23,S04,P02,13,1105.0
2026-07-24,S04,P02,14,1190.0
2026-07-25,S04,P02,16,1360.0
2026-07-26,S04,P02,24,2040.0
2026-07-27,S04,P02,11,935.0
2026-07-28,S04,P02,16,1360.0
2026-07-29,S04,P02,11,935.0
2026-07-30,S04,P02,14,1190.0
2026-07-31,S04,P02,12,1020.0
2026-08-01,S04,P02,21,1785.0
2026-08-02,S04,P02,16,1360.0
2026-08-03,S04,P02,14,1190.0
2026-08-04,S04,P02,15,1275.0
2026-08-05,S04,P02,12,1020.0
2026-08-06,S04,P02,14,1190.0
2026-08-07,S04,P02,13,1105.0
2026-08-08,S04,P02,18,1530.0
2026-08-09,S04,P02,14,1190.0
2026-08-10,S04,P02,16,1360.0
2026-08-11,S04,P02,13,1105.0
2026-08-12,S04,P02,11,935.0
2026-08-13,S04,P02,15,1275.0
2026-08-14,S04,P02,14,1190.0
2026-08-15,S04,P02,23,1955.0
2026-08-16,S04,P02,16,1360.0
2026-08-17,S04,P02,13,1105.0
2026-08-18,S04,P02,12,1020.0
2026-08-19,S04,P02,18,1530.0
2026-08-20,S04,P02,19,1615.0
2026-08-21,S04,P02,19,1615.0
2026-08-22,S04,P02,20,1700.0
2026-08-23,S04,P02,20,1700.0
2026-08-24,S04,P02,13,1105.0
2026-08-25,S04,P02,14,1190.0
2026-08-26,S04,P02,15,1275.0
2026-08-27,S04,P02,18,1530.0
2026-08-28,S04,P02,12,1020.0
2026-06-15,S04,P03,9,1080.0
2026-06-16,S04,P03,11,1320.0
2026-06-17,S04,P03,11,1320.0
2026-06-18,S04,P03,8,960.0
2026-06-19,S04,P03,9,1080.0
2026-06-20,S04,P03,14,1680.0
2026-06-21,S04,P03,16,1920.0
2026-06-22,S04,P03,11,1320.0
2026-06-23,S04,P03,8,960.0
2026-06-24,S04,P03,10,1200.0
2026-06-25,S04,P03,7,840.0
2026-06-26,S04,P03,13,1560.0
2026-06-27,S04,P03,9,1080.0
2026-06-28,S04,P03,13,1560.0
2026-06-29,S04,P03,12,1440.0
2026-06-30,S04,P03,7,840.0
2026-07-01,S04,P03,10,1200.0
2026-07-02,S04,P03,10,1200.0
2026-07-03,S04,P03,12,1440.0
2026-07-04,S04,P03,16,1920.0
2026-07-05,S04,P03,13,1560.0
2026-07-06,S04,P03,8,960.0
2026-07-07,S04,P03,10,1200.0
2026-07-08,S04,P03,7,840.0
2026-07-09,S04,P03,11,1320.0
2026-07-10,S04,P03,13,1560.0
2026-07-11,S04,P03,10,1200.0
2026-07-12,S04,P03,11,1320.0
2026-07-13,S04,P03,11,1320.0
2026-07-14,S04,P03,8,960.0
2026-07-15,S04,P03,10,1200.0
2026-07-16,S04,P03,9,1080.0
2026-07-17,S04,P03,11,1320.0
2026-07-18,S04,P03,16,1920.0
2026-07-19,S04,P03,15,1800.0
2026-07-20,S04,P03,7,840.0
2026-07-21,S04,P03,10,1200.0
2026-07-22,S04,P03,12,1440.0
2026-07-23,S04,P03,12,1440.0
2026-07-24,S04,P03,9,1080.0
2026-07-25,S04,P03,15,1800.0
2026-07-26,S04,P03,12,1440.0
2026-07-27,S04,P03,10,1200.0
2026-07-28,S04,P03,11,1320.0
2026-07-29,S04,P03,12,1440.0
2026-07-30,S04,P03,7,840.0
2026-07-31,S04,P03,12,1440.0
2026-08-01,S04,P03,12,1440.0
2026-08-02,S04,P03,9,1080.0
2026-08-03,S04,P03,10,1200.0
2026-08-04,S04,P03,9,1080.0
2026-08-05,S04,P03,13,1560.0
2026-08-06,S04,P03,10,1200.0
2026-08-07,S04,P03,12,1440.0
2026-08-08,S04,P03,15,1800.0
2026-08-09,S04,P03,10,1200.0
2026-08-10,S04,P03,12,1440.0
2026-08-11,S04,P03,11,1320.0
2026-08-12,S04,P03,7,840.0
2026-08-13,S04,P03,13,1560.0
2026-08-14,S04,P03,11,1320.0
2026-08-15,S04,P03,16,1920.0
2026-08-16,S04,P03,10,1200.0
2026-08-17,S04,P03,9,1080.0
2026-08-18,S04,P03,11,1320.0
2026-08-19,S04,P03,9,1080.0
2026-08-20,S04,P03,8,960.0
2026-08-21,S04,P03,10,1200.0
2026-08-22,S04,P03,10,1200.0
2026-08-23,S04,P03,15,1800.0
2026-08-24,S04,P03,8,960.0
2026-08-25,S04,P03,13,1560.0
2026-08-26,S04,P03,8,960.0
2026-08-27,S04,P03,8,960.0
2026-08-28,S04,P03,10,1200.0
2026-06-15,S04,P04,9,1440.0
2026-06-16,S04,P04,9,1440.0
2026-06-17,S04,P04,7,1120.0
2026-06-18,S04,P04,10,1600.0
2026-06-19,S04,P04,8,1280.0
2026-06-20,S04,P04,10,1600.0
2026-06-21,S04,P04,8,1280.0
2026-06-22,S04,P04,7,1120.0
2026-06-23,S04,P04,8,1280.0
2026-06-24,S04,P04,8,1280.0
2026-06-25,S04,P04,10,1600.0
2026-06-26,S04,P04,8,1280.0
2026-06-27,S04,P04,11,1760.0
2026-06-28,S04,P04,12,1920.0
2026-06-29,S04,P04,10,1600.0
2026-06-30,S04,P04,8,1280.0
2026-07-01,S04,P04,7,1120.0
2026-07-02,S04,P04,9,1440.0
2026-07-03,S04,P04,9,1440.0
2026-07-04,S04,P04,13,2080.0
2026-07-05,S04,P04,13,2080.0
2026-07-06,S04,P04,7,1120.0
2026-07-07,S04,P04,10,1600.0
2026-07-08,S04,P04,6,960.0
2026-07-09,S04,P04,7,1120.0
2026-07-10,S04,P04,6,960.0
2026-07-11,S04,P04,13,2080.0
2026-07-12,S04,P04,8,1280.0
2026-07-13,S04,P04,6,960.0
2026-07-14,S04,P04,6,960.0
2026-07-15,S04,P04,6,960.0
2026-07-16,S04,P04,6,960.0
2026-07-17,S04,P04,7,1120.0
2026-07-18,S04,P04,13,2080.0
2026-07-19,S04,P04,7,1120.0
2026-07-20,S04,P04,8,1280.0
2026-07-21,S04,P04,9,1440.0
2026-07-22,S04,P04,10,1600.0
2026-07-23,S04,P04,8,1280.0
2026-07-24,S04,P04,8,1280.0
2026-07-25,S04,P04,12,1920.0
2026-07-26,S04,P04,7,1120.0
2026-07-27,S04,P04,7,1120.0
2026-07-28,S04,P04,6,960.0
2026-07-29,S04,P04,9,1440.0
2026-07-30,S04,P04,10,1600.0
2026-07-31,S04,P04,8,1280.0
2026-08-01,S04,P04,9,1440.0
2026-08-02,S04,P04,11,1760.0
2026-08-03,S04,P04,9,1440.0
2026-08-04,S04,P04,9,1440.0
2026-08-05,S04,P04,8,1280.0
2026-08-06,S04,P04,9,1440.0
2026-08-07,S04,P04,8,1280.0
2026-08-08,S04,P04,11,1760.0
2026-08-09,S04,P04,10,1600.0
2026-08-10,S04,P04,8,1280.0
2026-08-11,S04,P04,10,1600.0
2026-08-12,S04,P04,7,1120.0
2026-08-13,S04,P04,9,1440.0
2026-08-14,S04,P04,7,1120.0
2026-08-15,S04,P04,10,1600.0
2026-08-16,S04,P04,9,1440.0
2026-08-17,S04,P04,10,1600.0
2026-08-18,S04,P04,6,960.0
2026-08-19,S04,P04,7,1120.0
2026-08-20,S04,P04,10,1600.0
2026-08-21,S04,P04,9,1440.0
2026-08-22,S04,P04,8,1280.0
2026-08-23,S04,P04,11,1760.0
2026-08-24,S04,P04,6,960.0
2026-08-25,S04,P04,6,960.0
2026-08-26,S04,P04,9,1440.0
2026-08-27,S04,P04,10,1600.0
2026-08-28,S04,P04,9,1440.0
2026-06-15,S04,P05,8,880.0
2026-06-16,S04,P05,10,1100.0
2026-06-17,S04,P05,9,990.0
2026-06-18,S04,P05,11,1210.0
2026-06-19,S04,P05,10,1100.0
2026-06-20,S04,P05,10,1100.0
2026-06-21,S04,P05,9,990.0
2026-06-22,S04,P05,9,990.0
2026-06-23,S04,P05,8,880.0
2026-06-24,S04,P05,10,1100.0
2026-06-25,S04,P05,10,1100.0
2026-06-26,S04,P05,9,990.0
2026-06-27,S04,P05,10,1100.0
2026-06-28,S04,P05,11,1210.0
2026-06-29,S04,P05,9,990.0
2026-06-30,S04,P05,10,1100.0
2026-07-01,S04,P05,8,880.0
2026-07-02,S04,P05,8,880.0
2026-07-03,S04,P05,11,1210.0
2026-07-04,S04,P05,11,1210.0
2026-07-05,S04,P05,9,990.0
2026-07-06,S04,P05,11,1210.0
2026-07-07,S04,P05,10,1100.0
2026-07-08,S04,P05,9,990.0
2026-07-09,S04,P05,8,880.0
2026-07-10,S04,P05,10,1100.0
2026-07-11,S04,P05,10,1100.0
2026-07-12,S04,P05,11,1210.0
2026-07-13,S04,P05,10,1100.0
2026-07-14,S04,P05,9,990.0
2026-07-15,S04,P05,11,1210.0
2026-07-16,S04,P05,10,1100.0
2026-07-17,S04,P05,8,880.0
2026-07-18,S04,P05,11,1210.0
2026-07-19,S04,P05,8,880.0
2026-07-20,S04,P05,9,990.0
2026-07-21,S04,P05,8,880.0
2026-07-22,S04,P05,10,1100.0
2026-07-23,S04,P05,8,880.0
2026-07-24,S04,P05,11,1210.0
2026-07-25,S04,P05,9,990.0
2026-07-26,S04,P05,11,1210.0
2026-07-27,S04,P05,10,1100.0
2026-07-28,S04,P05,8,880.0
2026-07-29,S04,P05,10,1100.0
2026-07-30,S04,P05,8,880.0
2026-07-31,S04,P05,9,990.0
2026-08-01,S04,P05,9,990.0
2026-08-02,S04,P05,10,1100.0
2026-08-03,S04,P05,9,990.0
2026-08-04,S04,P05,8,880.0
2026-08-05,S04,P05,8,880.0
2026-08-06,S04,P05,11,1210.0
2026-08-07,S04,P05,8,880.0
2026-08-08,S04,P05,10,1100.0
2026-08-09,S04,P05,10,1100.0
2026-08-10,S04,P05,10,1100.0
2026-08-11,S04,P05,10,1100.0
2026-08-12,S04,P05,10,1100.0
2026-08-13,S04,P05,10,1100.0
2026-08-14,S04,P05,10,1100.0
2026-08-15,S04,P05,10,1100.0
2026-08-16,S04,P05,10,1100.0
2026-08-17,S04,P05,10,1100.0
2026-08-18,S04,P05,10,1100.0
2026-08-19,S04,P05,10,1100.0
2026-08-20,S04,P05,10,1100.0
2026-08-21,S04,P05,10,1100.0
2026-08-22,S04,P05,29,3190.0
2026-08-23,S04,P05,29,3190.0
2026-08-24,S04,P05,29,3190.0
2026-08-25,S04,P05,29,3190.0
2026-08-26,S04,P05,29,3190.0
2026-08-27,S04,P05,29,3190.0
2026-08-28,S04,P05,29,3190.0
2026-06-15,S04,P06,15,2250.0
2026-06-16,S04,P06,16,2400.0
2026-06-17,S04,P06,19,2850.0
2026-06-18,S04,P06,23,3450.0
2026-06-19,S04,P06,22,3300.0
2026-06-20,S04,P06,21,3150.0
2026-06-21,S04,P06,18,2700.0
2026-06-22,S04,P06,22,3300.0
2026-06-23,S04,P06,17,2550.0
2026-06-24,S04,P06,17,2550.0
2026-06-25,S04,P06,16,2400.0
2026-06-26,S04,P06,16,2400.0
2026-06-27,S04,P06,30,4500.0
2026-06-28,S04,P06,29,4350.0
2026-06-29,S04,P06,14,2100.0
2026-06-30,S04,P06,20,3000.0
2026-07-01,S04,P06,17,2550.0
2026-07-02,S04,P06,23,3450.0
2026-07-03,S04,P06,21,3150.0
2026-07-04,S04,P06,20,3000.0
2026-07-05,S04,P06,28,4200.0
2026-07-06,S04,P06,23,3450.0
2026-07-07,S04,P06,17,2550.0
2026-07-08,S04,P06,22,3300.0
2026-07-09,S04,P06,14,2100.0
2026-07-10,S04,P06,19,2850.0
2026-07-11,S04,P06,18,2700.0
2026-07-12,S04,P06,19,2850.0
2026-07-13,S04,P06,18,2700.0
2026-07-14,S04,P06,22,3300.0
2026-07-15,S04,P06,23,3450.0
2026-07-16,S04,P06,13,1950.0
2026-07-17,S04,P06,23,3450.0
2026-07-18,S04,P06,27,4050.0
2026-07-19,S04,P06,18,2700.0
2026-07-20,S04,P06,17,2550.0
2026-07-21,S04,P06,22,3300.0
2026-07-22,S04,P06,17,2550.0
2026-07-23,S04,P06,19,2850.0
2026-07-24,S04,P06,20,3000.0
2026-07-25,S04,P06,27,4050.0
2026-07-26,S04,P06,18,2700.0
2026-07-27,S04,P06,15,2250.0
2026-07-28,S04,P06,17,2550.0
2026-07-29,S04,P06,19,2850.0
2026-07-30,S04,P06,13,1950.0
2026-07-31,S04,P06,22,3300.0
2026-08-01,S04,P06,28,4200.0
2026-08-02,S04,P06,21,3150.0
2026-08-03,S04,P06,19,2850.0
2026-08-04,S04,P06,18,2700.0
2026-08-05,S04,P06,13,1950.0
2026-08-06,S04,P06,13,1950.0
2026-08-07,S04,P06,15,2250.0
2026-08-08,S04,P06,30,4500.0
2026-08-09,S04,P06,28,4200.0
2026-08-10,S04,P06,18,2700.0
2026-08-11,S04,P06,20,3000.0
2026-08-12,S04,P06,22,3300.0
2026-08-13,S04,P06,17,2550.0
2026-08-14,S04,P06,18,2700.0
2026-08-15,S04,P06,26,3900.0
2026-08-16,S04,P06,20,3000.0
2026-08-17,S04,P06,14,2100.0
2026-08-18,S04,P06,16,2400.0
2026-08-19,S04,P06,23,3450.0
2026-08-20,S04,P06,13,1950.0
2026-08-21,S04,P06,21,3150.0
2026-08-22,S04,P06,25,3750.0
2026-08-23,S04,P06,24,3600.0
2026-08-24,S04,P06,22,3300.0
2026-08-25,S04,P06,19,2850.0
2026-08-26,S04,P06,18,2700.0
2026-08-27,S04,P06,20,3000.0
2026-08-28,S04,P06,14,2100.0
2026-06-15,S04,P07,7,1680.0
2026-06-16,S04,P07,5,1200.0
2026-06-17,S04,P07,4,960.0
2026-06-18,S04,P07,5,1200.0
2026-06-19,S04,P07,7,1680.0
2026-06-20,S04,P07,6,1440.0
2026-06-21,S04,P07,6,1440.0
2026-06-22,S04,P07,5,1200.0
2026-06-23,S04,P07,6,1440.0
2026-06-24,S04,P07,7,1680.0
2026-06-25,S04,P07,5,1200.0
2026-06-26,S04,P07,5,1200.0
2026-06-27,S04,P07,8,1920.0
2026-06-28,S04,P07,10,2400.0
2026-06-29,S04,P07,6,1440.0
2026-06-30,S04,P07,7,1680.0
2026-07-01,S04,P07,5,1200.0
2026-07-02,S04,P07,5,1200.0
2026-07-03,S04,P07,7,1680.0
2026-07-04,S04,P07,8,1920.0
2026-07-05,S04,P07,10,2400.0
2026-07-06,S04,P07,7,1680.0
2026-07-07,S04,P07,7,1680.0
2026-07-08,S04,P07,5,1200.0
2026-07-09,S04,P07,7,1680.0
2026-07-10,S04,P07,7,1680.0
2026-07-11,S04,P07,6,1440.0
2026-07-12,S04,P07,8,1920.0
2026-07-13,S04,P07,7,1680.0
2026-07-14,S04,P07,4,960.0
2026-07-15,S04,P07,6,1440.0
2026-07-16,S04,P07,6,1440.0
2026-07-17,S04,P07,6,1440.0
2026-07-18,S04,P07,7,1680.0
2026-07-19,S04,P07,10,2400.0
2026-07-20,S04,P07,5,1200.0
2026-07-21,S04,P07,5,1200.0
2026-07-22,S04,P07,5,1200.0
2026-07-23,S04,P07,5,1200.0
2026-07-24,S04,P07,7,1680.0
2026-07-25,S04,P07,8,1920.0
2026-07-26,S04,P07,9,2160.0
2026-07-27,S04,P07,6,1440.0
2026-07-28,S04,P07,6,1440.0
2026-07-29,S04,P07,6,1440.0
2026-07-30,S04,P07,7,1680.0
2026-07-31,S04,P07,5,1200.0
2026-08-01,S04,P07,8,1920.0
2026-08-02,S04,P07,6,1440.0
2026-08-03,S04,P07,7,1680.0
2026-08-04,S04,P07,8,1920.0
2026-08-05,S04,P07,6,1440.0
2026-08-06,S04,P07,5,1200.0
2026-08-07,S04,P07,6,1440.0
2026-08-08,S04,P07,9,2160.0
2026-08-09,S04,P07,10,2400.0
2026-08-10,S04,P07,6,1440.0
2026-08-11,S04,P07,7,1680.0
2026-08-12,S04,P07,5,1200.0
2026-08-13,S04,P07,7,1680.0
2026-08-14,S04,P07,4,960.0
2026-08-15,S04,P07,9,2160.0
2026-08-16,S04,P07,7,1680.0
2026-08-17,S04,P07,7,1680.0
2026-08-18,S04,P07,5,1200.0
2026-08-19,S04,P07,5,1200.0
2026-08-20,S04,P07,5,1200.0
2026-08-21,S04,P07,5,1200.0
2026-08-22,S04,P07,6,1440.0
2026-08-23,S04,P07,9,2160.0
2026-08-24,S04,P07,7,1680.0
2026-08-25,S04,P07,4,960.0
2026-08-26,S04,P07,7,1680.0
2026-08-27,S04,P07,7,1680.0
2026-08-28,S04,P07,4,960.0
2026-06-15,S04,P08,20,1200.0
2026-06-16,S04,P08,25,1500.0
2026-06-17,S04,P08,15,900.0
2026-06-18,S04,P08,18,1080.0
2026-06-19,S04,P08,14,840.0
2026-06-20,S04,P08,20,1200.0
2026-06-21,S04,P08,20,1200.0
2026-06-22,S04,P08,21,1260.0
2026-06-23,S04,P08,21,1260.0
2026-06-24,S04,P08,16,960.0
2026-06-25,S04,P08,22,1320.0
2026-06-26,S04,P08,14,840.0
2026-06-27,S04,P08,20,1200.0
2026-06-28,S04,P08,30,1800.0
2026-06-29,S04,P08,17,1020.0
2026-06-30,S04,P08,21,1260.0
2026-07-01,S04,P08,18,1080.0
2026-07-02,S04,P08,24,1440.0
2026-07-03,S04,P08,23,1380.0
2026-07-04,S04,P08,28,1680.0
2026-07-05,S04,P08,26,1560.0
2026-07-06,S04,P08,15,900.0
2026-07-07,S04,P08,24,1440.0
2026-07-08,S04,P08,23,1380.0
2026-07-09,S04,P08,20,1200.0
2026-07-10,S04,P08,23,1380.0
2026-07-11,S04,P08,33,1980.0
2026-07-12,S04,P08,21,1260.0
2026-07-13,S04,P08,23,1380.0
2026-07-14,S04,P08,14,840.0
2026-07-15,S04,P08,23,1380.0
2026-07-16,S04,P08,25,1500.0
2026-07-17,S04,P08,25,1500.0
2026-07-18,S04,P08,31,1860.0
2026-07-19,S04,P08,26,1560.0
2026-07-20,S04,P08,22,1320.0
2026-07-21,S04,P08,16,960.0
2026-07-22,S04,P08,22,1320.0
2026-07-23,S04,P08,15,900.0
2026-07-24,S04,P08,24,1440.0
2026-07-25,S04,P08,34,2040.0
2026-07-26,S04,P08,25,1500.0
2026-07-27,S04,P08,20,1200.0
2026-07-28,S04,P08,19,1140.0
2026-07-29,S04,P08,23,1380.0
2026-07-30,S04,P08,18,1080.0
2026-07-31,S04,P08,20,1200.0
2026-08-01,S04,P08,26,1560.0
2026-08-02,S04,P08,26,1560.0
2026-08-03,S04,P08,18,1080.0
2026-08-04,S04,P08,17,1020.0
2026-08-05,S04,P08,23,1380.0
2026-08-06,S04,P08,15,900.0
2026-08-07,S04,P08,20,1200.0
2026-08-08,S04,P08,24,1440.0
2026-08-09,S04,P08,25,1500.0
2026-08-10,S04,P08,23,1380.0
2026-08-11,S04,P08,22,1320.0
2026-08-12,S04,P08,24,1440.0
2026-08-13,S04,P08,17,1020.0
2026-08-14,S04,P08,19,1140.0
2026-08-15,S04,P08,34,2040.0
2026-08-16,S04,P08,25,1500.0
2026-08-17,S04,P08,24,1440.0
2026-08-18,S04,P08,25,1500.0
2026-08-19,S04,P08,24,1440.0
2026-08-20,S04,P08,25,1500.0
2026-08-21,S04,P08,18,1080.0
2026-08-22,S04,P08,18,1080.0
2026-08-23,S04,P08,29,1740.0
2026-08-24,S04,P08,22,1320.0
2026-08-25,S04,P08,19,1140.0
2026-08-26,S04,P08,20,1200.0
2026-08-27,S04,P08,22,1320.0
2026-08-28,S04,P08,15,900.0
2026-06-15,S04,P09,13,1170.0
2026-06-16,S04,P09,14,1260.0
2026-06-17,S04,P09,9,810.0
2026-06-18,S04,P09,10,900.0
2026-06-19,S04,P09,9,810.0
2026-06-20,S04,P09,12,1080.0
2026-06-21,S04,P09,17,1530.0
2026-06-22,S04,P09,10,900.0
2026-06-23,S04,P09,9,810.0
2026-06-24,S04,P09,11,990.0
2026-06-25,S04,P09,11,990.0
2026-06-26,S04,P09,13,1170.0
2026-06-27,S04,P09,17,1530.0
2026-06-28,S04,P09,15,1350.0
2026-06-29,S04,P09,13,1170.0
2026-06-30,S04,P09,13,1170.0
2026-07-01,S04,P09,14,1260.0
2026-07-02,S04,P09,10,900.0
2026-07-03,S04,P09,12,1080.0
2026-07-04,S04,P09,18,1620.0
2026-07-05,S04,P09,18,1620.0
2026-07-06,S04,P09,11,990.0
2026-07-07,S04,P09,9,810.0
2026-07-08,S04,P09,11,990.0
2026-07-09,S04,P09,9,810.0
2026-07-10,S04,P09,11,990.0
2026-07-11,S04,P09,12,1080.0
2026-07-12,S04,P09,18,1620.0
2026-07-13,S04,P09,8,720.0
2026-07-14,S04,P09,13,1170.0
2026-07-15,S04,P09,13,1170.0
2026-07-16,S04,P09,11,990.0
2026-07-17,S04,P09,8,720.0
2026-07-18,S04,P09,12,1080.0
2026-07-19,S04,P09,15,1350.0
2026-07-20,S04,P09,10,900.0
2026-07-21,S04,P09,10,900.0
2026-07-22,S04,P09,12,1080.0
2026-07-23,S04,P09,13,1170.0
2026-07-24,S04,P09,12,1080.0
2026-07-25,S04,P09,14,1260.0
2026-07-26,S04,P09,14,1260.0
2026-07-27,S04,P09,11,990.0
2026-07-28,S04,P09,10,900.0
2026-07-29,S04,P09,11,990.0
2026-07-30,S04,P09,11,990.0
2026-07-31,S04,P09,11,990.0
2026-08-01,S04,P09,17,1530.0
2026-08-02,S04,P09,15,1350.0
2026-08-03,S04,P09,8,720.0
2026-08-04,S04,P09,13,1170.0
2026-08-05,S04,P09,14,1260.0
2026-08-06,S04,P09,14,1260.0
2026-08-07,S04,P09,8,720.0
2026-08-08,S04,P09,14,1260.0
2026-08-09,S04,P09,17,1530.0
2026-08-10,S04,P09,11,990.0
2026-08-11,S04,P09,8,720.0
2026-08-12,S04,P09,9,810.0
2026-08-13,S04,P09,12,1080.0
2026-08-14,S04,P09,13,1170.0
2026-08-15,S04,P09,18,1620.0
2026-08-16,S04,P09,11,990.0
2026-08-17,S04,P09,11,990.0
2026-08-18,S04,P09,10,900.0
2026-08-19,S04,P09,10,900.0
2026-08-20,S04,P09,13,1170.0
2026-08-21,S04,P09,11,990.0
2026-08-22,S04,P09,14,1260.0
2026-08-23,S04,P09,15,1350.0
2026-08-24,S04,P09,11,990.0
2026-08-25,S04,P09,11,990.0
2026-08-26,S04,P09,11,990.0
2026-08-27,S04,P09,9,810.0
2026-08-28,S04,P09,8,720.0
2026-06-15,S04,P10,10,1300.0
2026-06-16,S04,P10,8,1040.0
2026-06-17,S04,P10,12,1560.0
2026-06-18,S04,P10,8,1040.0
2026-06-19,S04,P10,6,780.0
2026-06-20,S04,P10,9,1170.0
2026-06-21,S04,P10,14,1820.0
2026-06-22,S04,P10,8,1040.0
2026-06-23,S04,P10,10,1300.0
2026-06-24,S04,P10,6,780.0
2026-06-25,S04,P10,11,1430.0
2026-06-26,S04,P10,8,1040.0
2026-06-27,S04,P10,9,1170.0
2026-06-28,S04,P10,11,1430.0
2026-06-29,S04,P10,8,1040.0
2026-06-30,S04,P10,8,1040.0
2026-07-01,S04,P10,10,1300.0
2026-07-02,S04,P10,8,1040.0
2026-07-03,S04,P10,10,1300.0
2026-07-04,S04,P10,12,1560.0
2026-07-05,S04,P10,15,1950.0
2026-07-06,S04,P10,7,910.0
2026-07-07,S04,P10,8,1040.0
2026-07-08,S04,P10,8,1040.0
2026-07-09,S04,P10,6,780.0
2026-07-10,S04,P10,8,1040.0
2026-07-11,S04,P10,11,1430.0
2026-07-12,S04,P10,14,1820.0
2026-07-13,S04,P10,9,1170.0
2026-07-14,S04,P10,11,1430.0
2026-07-15,S04,P10,8,1040.0
2026-07-16,S04,P10,10,1300.0
2026-07-17,S04,P10,9,1170.0
2026-07-18,S04,P10,15,1950.0
2026-07-19,S04,P10,11,1430.0
2026-07-20,S04,P10,8,1040.0
2026-07-21,S04,P10,9,1170.0
2026-07-22,S04,P10,11,1430.0
2026-07-23,S04,P10,7,910.0
2026-07-24,S04,P10,10,1300.0
2026-07-25,S04,P10,11,1430.0
2026-07-26,S04,P10,12,1560.0
2026-07-27,S04,P10,10,1300.0
2026-07-28,S04,P10,8,1040.0
2026-07-29,S04,P10,10,1300.0
2026-07-30,S04,P10,8,1040.0
2026-07-31,S04,P10,9,1170.0
2026-08-01,S04,P10,12,1560.0
2026-08-02,S04,P10,14,1820.0
2026-08-03,S04,P10,11,1430.0
2026-08-04,S04,P10,11,1430.0
2026-08-05,S04,P10,9,1170.0
2026-08-06,S04,P10,8,1040.0
2026-08-07,S04,P10,7,910.0
2026-08-08,S04,P10,15,1950.0
2026-08-09,S04,P10,11,1430.0
2026-08-10,S04,P10,8,1040.0
2026-08-11,S04,P10,10,1300.0
2026-08-12,S04,P10,7,910.0
2026-08-13,S04,P10,11,1430.0
2026-08-14,S04,P10,7,910.0
2026-08-15,S04,P10,11,1430.0
2026-08-16,S04,P10,9,1170.0
2026-08-17,S04,P10,11,1430.0
2026-08-18,S04,P10,9,1170.0
2026-08-19,S04,P10,7,910.0
2026-08-20,S04,P10,11,1430.0
2026-08-21,S04,P10,10,1300.0
2026-08-22,S04,P10,10,1300.0
2026-08-23,S04,P10,14,1820.0
2026-08-24,S04,P10,9,1170.0
2026-08-25,S04,P10,9,1170.0
2026-08-26,S04,P10,7,910.0
2026-08-27,S04,P10,8,1040.0
2026-08-28,S04,P10,10,1300.0
2026-06-15,S04,P11,6,3300.0
2026-06-16,S04,P11,5,2750.0
2026-06-17,S04,P11,5,2750.0
2026-06-18,S04,P11,4,2200.0
2026-06-19,S04,P11,5,2750.0
2026-06-20,S04,P11,7,3850.0
2026-06-21,S04,P11,8,4400.0
2026-06-22,S04,P11,6,3300.0
2026-06-23,S04,P11,4,2200.0
2026-06-24,S04,P11,5,2750.0
2026-06-25,S04,P11,6,3300.0
2026-06-26,S04,P11,6,3300.0
2026-06-27,S04,P11,8,4400.0
2026-06-28,S04,P11,8,4400.0
2026-06-29,S04,P11,6,3300.0
2026-06-30,S04,P11,4,2200.0
2026-07-01,S04,P11,4,2200.0
2026-07-02,S04,P11,5,2750.0
2026-07-03,S04,P11,4,2200.0
2026-07-04,S04,P11,7,3850.0
2026-07-05,S04,P11,8,4400.0
2026-07-06,S04,P11,6,3300.0
2026-07-07,S04,P11,5,2750.0
2026-07-08,S04,P11,6,3300.0
2026-07-09,S04,P11,6,3300.0
2026-07-10,S04,P11,5,2750.0
2026-07-11,S04,P11,8,4400.0
2026-07-12,S04,P11,6,3300.0
2026-07-13,S04,P11,4,2200.0
2026-07-14,S04,P11,4,2200.0
2026-07-15,S04,P11,6,3300.0
2026-07-16,S04,P11,4,2200.0
2026-07-17,S04,P11,4,2200.0
2026-07-18,S04,P11,5,2750.0
2026-07-19,S04,P11,5,2750.0
2026-07-20,S04,P11,6,3300.0
2026-07-21,S04,P11,4,2200.0
2026-07-22,S04,P11,5,2750.0
2026-07-23,S04,P11,6,3300.0
2026-07-24,S04,P11,5,2750.0
2026-07-25,S04,P11,8,4400.0
2026-07-26,S04,P11,5,2750.0
2026-07-27,S04,P11,4,2200.0
2026-07-28,S04,P11,4,2200.0
2026-07-29,S04,P11,6,3300.0
2026-07-30,S04,P11,4,2200.0
2026-07-31,S04,P11,5,2750.0
2026-08-01,S04,P11,7,3850.0
2026-08-02,S04,P11,5,2750.0
2026-08-03,S04,P11,6,3300.0
2026-08-04,S04,P11,6,3300.0
2026-08-05,S04,P11,4,2200.0
2026-08-06,S04,P11,6,3300.0
2026-08-07,S04,P11,4,2200.0
2026-08-08,S04,P11,6,3300.0
2026-08-09,S04,P11,5,2750.0
2026-08-10,S04,P11,6,3300.0
2026-08-11,S04,P11,6,3300.0
2026-08-12,S04,P11,6,3300.0
2026-08-13,S04,P11,6,3300.0
2026-08-14,S04,P11,5,2750.0
2026-08-15,S04,P11,8,4400.0
2026-08-16,S04,P11,8,4400.0
2026-08-17,S04,P11,4,2200.0
2026-08-18,S04,P11,5,2750.0
2026-08-19,S04,P11,5,2750.0
2026-08-20,S04,P11,4,2200.0
2026-08-21,S04,P11,5,2750.0
2026-08-22,S04,P11,7,3850.0
2026-08-23,S04,P11,8,4400.0
2026-08-24,S04,P11,5,2750.0
2026-08-25,S04,P11,5,2750.0
2026-08-26,S04,P11,4,2200.0
2026-08-27,S04,P11,5,2750.0
2026-08-28,S04,P11,6,3300.0
2026-06-15,S04,P12,7,1820.0
2026-06-16,S04,P12,7,1820.0
2026-06-17,S04,P12,8,2080.0
2026-06-18,S04,P12,5,1300.0
2026-06-19,S04,P12,5,1300.0
2026-06-20,S04,P12,6,1560.0
2026-06-21,S04,P12,7,1820.0
2026-06-22,S04,P12,6,1560.0
2026-06-23,S04,P12,7,1820.0
2026-06-24,S04,P12,4,1040.0
2026-06-25,S04,P12,6,1560.0
2026-06-26,S04,P12,7,1820.0
2026-06-27,S04,P12,6,1560.0
2026-06-28,S04,P12,8,2080.0
2026-06-29,S04,P12,6,1560.0
2026-06-30,S04,P12,5,1300.0
2026-07-01,S04,P12,5,1300.0
2026-07-02,S04,P12,7,1820.0
2026-07-03,S04,P12,5,1300.0
2026-07-04,S04,P12,8,2080.0
2026-07-05,S04,P12,7,1820.0
2026-07-06,S04,P12,5,1300.0
2026-07-07,S04,P12,7,1820.0
2026-07-08,S04,P12,7,1820.0
2026-07-09,S04,P12,4,1040.0
2026-07-10,S04,P12,7,1820.0
2026-07-11,S04,P12,9,2340.0
2026-07-12,S04,P12,6,1560.0
2026-07-13,S04,P12,8,2080.0
2026-07-14,S04,P12,7,1820.0
2026-07-15,S04,P12,5,1300.0
2026-07-16,S04,P12,6,1560.0
2026-07-17,S04,P12,7,1820.0
2026-07-18,S04,P12,9,2340.0
2026-07-19,S04,P12,10,2600.0
2026-07-20,S04,P12,7,1820.0
2026-07-21,S04,P12,6,1560.0
2026-07-22,S04,P12,5,1300.0
2026-07-23,S04,P12,6,1560.0
2026-07-24,S04,P12,4,1040.0
2026-07-25,S04,P12,10,2600.0
2026-07-26,S04,P12,10,2600.0
2026-07-27,S04,P12,8,2080.0
2026-07-28,S04,P12,5,1300.0
2026-07-29,S04,P12,8,2080.0
2026-07-30,S04,P12,7,1820.0
2026-07-31,S04,P12,5,1300.0
2026-08-01,S04,P12,9,2340.0
2026-08-02,S04,P12,6,1560.0
2026-08-03,S04,P12,6,1560.0
2026-08-04,S04,P12,5,1300.0
2026-08-05,S04,P12,7,1820.0
2026-08-06,S04,P12,7,1820.0
2026-08-07,S04,P12,7,1820.0
2026-08-08,S04,P12,7,1820.0
2026-08-09,S04,P12,6,1560.0
2026-08-10,S04,P12,7,1820.0
2026-08-11,S04,P12,6,1560.0
2026-08-12,S04,P12,7,1820.0
2026-08-13,S04,P12,8,2080.0
2026-08-14,S04,P12,5,1300.0
2026-08-15,S04,P12,7,1820.0
2026-08-16,S04,P12,10,2600.0
2026-08-17,S04,P12,5,1300.0
2026-08-18,S04,P12,5,1300.0
2026-08-19,S04,P12,5,1300.0
2026-08-20,S04,P12,4,1040.0
2026-08-21,S04,P12,6,1560.0
2026-08-22,S04,P12,9,2340.0
2026-08-23,S04,P12,8,2080.0
2026-08-24,S04,P12,5,1300.0
2026-08-25,S04,P12,7,1820.0
2026-08-26,S04,P12,7,1820.0
2026-08-27,S04,P12,7,1820.0
2026-08-28,S04,P12,5,1300.0
2026-06-15,S04,P13,3,960.0
2026-06-16,S04,P13,3,960.0
2026-06-17,S04,P13,4,1280.0
2026-06-18,S04,P13,4,1280.0
2026-06-19,S04,P13,3,960.0
2026-06-20,S04,P13,4,1280.0
2026-06-21,S04,P13,6,1920.0
2026-06-22,S04,P13,5,1600.0
2026-06-23,S04,P13,4,1280.0
2026-06-24,S04,P13,3,960.0
2026-06-25,S04,P13,4,1280.0
2026-06-26,S04,P13,4,1280.0
2026-06-27,S04,P13,7,2240.0
2026-06-28,S04,P13,5,1600.0
2026-06-29,S04,P13,5,1600.0
2026-06-30,S04,P13,3,960.0
2026-07-01,S04,P13,3,960.0
2026-07-02,S04,P13,4,1280.0
2026-07-03,S04,P13,4,1280.0
2026-07-04,S04,P13,5,1600.0
2026-07-05,S04,P13,4,1280.0
2026-07-06,S04,P13,4,1280.0
2026-07-07,S04,P13,4,1280.0
2026-07-08,S04,P13,4,1280.0
2026-07-09,S04,P13,5,1600.0
2026-07-10,S04,P13,4,1280.0
2026-07-11,S04,P13,4,1280.0
2026-07-12,S04,P13,4,1280.0
2026-07-13,S04,P13,4,1280.0
2026-07-14,S04,P13,4,1280.0
2026-07-15,S04,P13,3,960.0
2026-07-16,S04,P13,3,960.0
2026-07-17,S04,P13,4,1280.0
2026-07-18,S04,P13,4,1280.0
2026-07-19,S04,P13,6,1920.0
2026-07-20,S04,P13,3,960.0
2026-07-21,S04,P13,4,1280.0
2026-07-22,S04,P13,4,1280.0
2026-07-23,S04,P13,3,960.0
2026-07-24,S04,P13,5,1600.0
2026-07-25,S04,P13,4,1280.0
2026-07-26,S04,P13,5,1600.0
2026-07-27,S04,P13,3,960.0
2026-07-28,S04,P13,4,1280.0
2026-07-29,S04,P13,5,1600.0
2026-07-30,S04,P13,5,1600.0
2026-07-31,S04,P13,5,1600.0
2026-08-01,S04,P13,5,1600.0
2026-08-02,S04,P13,4,1280.0
2026-08-03,S04,P13,3,960.0
2026-08-04,S04,P13,5,1600.0
2026-08-05,S04,P13,5,1600.0
2026-08-06,S04,P13,3,960.0
2026-08-07,S04,P13,5,1600.0
2026-08-08,S04,P13,5,1600.0
2026-08-09,S04,P13,5,1600.0
2026-08-10,S04,P13,3,960.0
2026-08-11,S04,P13,3,960.0
2026-08-12,S04,P13,5,1600.0
2026-08-13,S04,P13,5,1600.0
2026-08-14,S04,P13,3,960.0
2026-08-15,S04,P13,4,1280.0
2026-08-16,S04,P13,6,1920.0
2026-08-17,S04,P13,3,960.0
2026-08-18,S04,P13,5,1600.0
2026-08-19,S04,P13,3,960.0
2026-08-20,S04,P13,4,1280.0
2026-08-21,S04,P13,3,960.0
2026-08-22,S04,P13,5,1600.0
2026-08-23,S04,P13,6,1920.0
2026-08-24,S04,P13,3,960.0
2026-08-25,S04,P13,4,1280.0
2026-08-26,S04,P13,5,1600.0
2026-08-27,S04,P13,5,1600.0
2026-08-28,S04,P13,4,1280.0
2026-06-15,S04,P14,11,1540.0
2026-06-16,S04,P14,11,1540.0
2026-06-17,S04,P14,9,1260.0
2026-06-18,S04,P14,8,1120.0
2026-06-19,S04,P14,7,980.0
2026-06-20,S04,P14,12,1680.0
2026-06-21,S04,P14,11,1540.0
2026-06-22,S04,P14,12,1680.0
2026-06-23,S04,P14,13,1820.0
2026-06-24,S04,P14,13,1820.0
2026-06-25,S04,P14,13,1820.0
2026-06-26,S04,P14,11,1540.0
2026-06-27,S04,P14,15,2100.0
2026-06-28,S04,P14,9,1260.0
2026-06-29,S04,P14,9,1260.0
2026-06-30,S04,P14,11,1540.0
2026-07-01,S04,P14,9,1260.0
2026-07-02,S04,P14,9,1260.0
2026-07-03,S04,P14,9,1260.0
2026-07-04,S04,P14,17,2380.0
2026-07-05,S04,P14,13,1820.0
2026-07-06,S04,P14,10,1400.0
2026-07-07,S04,P14,9,1260.0
2026-07-08,S04,P14,10,1400.0
2026-07-09,S04,P14,13,1820.0
2026-07-10,S04,P14,12,1680.0
2026-07-11,S04,P14,10,1400.0
2026-07-12,S04,P14,12,1680.0
2026-07-13,S04,P14,10,1400.0
2026-07-14,S04,P14,8,1120.0
2026-07-15,S04,P14,8,1120.0
2026-07-16,S04,P14,7,980.0
2026-07-17,S04,P14,8,1120.0
2026-07-18,S04,P14,16,2240.0
2026-07-19,S04,P14,16,2240.0
2026-07-20,S04,P14,11,1540.0
2026-07-21,S04,P14,13,1820.0
2026-07-22,S04,P14,9,1260.0
2026-07-23,S04,P14,12,1680.0
2026-07-24,S04,P14,11,1540.0
2026-07-25,S04,P14,15,2100.0
2026-07-26,S04,P14,11,1540.0
2026-07-27,S04,P14,9,1260.0
2026-07-28,S04,P14,12,1680.0
2026-07-29,S04,P14,9,1260.0
2026-07-30,S04,P14,13,1820.0
2026-07-31,S04,P14,12,1680.0
2026-08-01,S04,P14,10,1400.0
2026-08-02,S04,P14,16,2240.0
2026-08-03,S04,P14,11,1540.0
2026-08-04,S04,P14,12,1680.0
2026-08-05,S04,P14,7,980.0
2026-08-06,S04,P14,8,1120.0
2026-08-07,S04,P14,8,1120.0
2026-08-08,S04,P14,9,1260.0
2026-08-09,S04,P14,11,1540.0
2026-08-10,S04,P14,11,1540.0
2026-08-11,S04,P14,10,1400.0
2026-08-12,S04,P14,13,1820.0
2026-08-13,S04,P14,13,1820.0
2026-08-14,S04,P14,7,980.0
2026-08-15,S04,P14,12,1680.0
2026-08-16,S04,P14,15,2100.0
2026-08-17,S04,P14,10,1400.0
2026-08-18,S04,P14,10,1400.0
2026-08-19,S04,P14,12,1680.0
2026-08-20,S04,P14,12,1680.0
2026-08-21,S04,P14,8,1120.0
2026-08-22,S04,P14,10,1400.0
2026-08-23,S04,P14,16,2240.0
2026-08-24,S04,P14,8,1120.0
2026-08-25,S04,P14,8,1120.0
2026-08-26,S04,P14,10,1400.0
2026-08-27,S04,P14,9,1260.0
2026-08-28,S04,P14,12,1680.0
2026-06-15,S04,P15,9,1710.0
2026-06-16,S04,P15,9,1710.0
2026-06-17,S04,P15,9,1710.0
2026-06-18,S04,P15,7,1330.0
2026-06-19,S04,P15,10,1900.0
2026-06-20,S04,P15,13,2470.0
2026-06-21,S04,P15,14,2660.0
2026-06-22,S04,P15,6,1140.0
2026-06-23,S04,P15,10,1900.0
2026-06-24,S04,P15,10,1900.0
2026-06-25,S04,P15,8,1520.0
2026-06-26,S04,P15,9,1710.0
2026-06-27,S04,P15,15,2850.0
2026-06-28,S04,P15,14,2660.0
2026-06-29,S04,P15,7,1330.0
2026-06-30,S04,P15,7,1330.0
2026-07-01,S04,P15,11,2090.0
2026-07-02,S04,P15,10,1900.0
2026-07-03,S04,P15,9,1710.0
2026-07-04,S04,P15,15,2850.0
2026-07-05,S04,P15,12,2280.0
2026-07-06,S04,P15,6,1140.0
2026-07-07,S04,P15,12,2280.0
2026-07-08,S04,P15,10,1900.0
2026-07-09,S04,P15,11,2090.0
2026-07-10,S04,P15,8,1520.0
2026-07-11,S04,P15,13,2470.0
2026-07-12,S04,P15,13,2470.0
2026-07-13,S04,P15,11,2090.0
2026-07-14,S04,P15,9,1710.0
2026-07-15,S04,P15,7,1330.0
2026-07-16,S04,P15,7,1330.0
2026-07-17,S04,P15,10,1900.0
2026-07-18,S04,P15,10,1900.0
2026-07-19,S04,P15,9,1710.0
2026-07-20,S04,P15,7,1330.0
2026-07-21,S04,P15,11,2090.0
2026-07-22,S04,P15,8,1520.0
2026-07-23,S04,P15,8,1520.0
2026-07-24,S04,P15,7,1330.0
2026-07-25,S04,P15,15,2850.0
2026-07-26,S04,P15,14,2660.0
2026-07-27,S04,P15,7,1330.0
2026-07-28,S04,P15,11,2090.0
2026-07-29,S04,P15,7,1330.0
2026-07-30,S04,P15,11,2090.0
2026-07-31,S04,P15,8,1520.0
2026-08-01,S04,P15,13,2470.0
2026-08-02,S04,P15,13,2470.0
2026-08-03,S04,P15,7,1330.0
2026-08-04,S04,P15,9,1710.0
2026-08-05,S04,P15,9,1710.0
2026-08-06,S04,P15,11,2090.0
2026-08-07,S04,P15,8,1520.0
2026-08-08,S04,P15,13,2470.0
2026-08-09,S04,P15,9,1710.0
2026-08-10,S04,P15,10,1900.0
2026-08-11,S04,P15,11,2090.0
2026-08-12,S04,P15,9,1710.0
2026-08-13,S04,P15,9,1710.0
2026-08-14,S04,P15,11,2090.0
2026-08-15,S04,P15,12,2280.0
2026-08-16,S04,P15,12,2280.0
2026-08-17,S04,P15,9,1710.0
2026-08-18,S04,P15,10,1900.0
2026-08-19,S04,P15,11,2090.0
2026-08-20,S04,P15,10,1900.0
2026-08-21,S04,P15,9,1710.0
2026-08-22,S04,P15,11,2090.0
2026-08-23,S04,P15,8,1520.0
2026-08-24,S04,P15,8,1520.0
2026-08-25,S04,P15,9,1710.0
2026-08-26,S04,P15,8,1520.0
2026-08-27,S04,P15,10,1900.0
2026-08-28,S04,P15,7,1330.0
2026-06-15,S04,P16,5,1050.0
2026-06-16,S04,P16,6,1260.0
2026-06-17,S04,P16,7,1470.0
2026-06-18,S04,P16,6,1260.0
2026-06-19,S04,P16,5,1050.0
2026-06-20,S04,P16,6,1260.0
2026-06-21,S04,P16,10,2100.0
2026-06-22,S04,P16,7,1470.0
2026-06-23,S04,P16,6,1260.0
2026-06-24,S04,P16,5,1050.0
2026-06-25,S04,P16,4,840.0
2026-06-26,S04,P16,4,840.0
2026-06-27,S04,P16,6,1260.0
2026-06-28,S04,P16,6,1260.0
2026-06-29,S04,P16,6,1260.0
2026-06-30,S04,P16,5,1050.0
2026-07-01,S04,P16,7,1470.0
2026-07-02,S04,P16,6,1260.0
2026-07-03,S04,P16,5,1050.0
2026-07-04,S04,P16,7,1470.0
2026-07-05,S04,P16,6,1260.0
2026-07-06,S04,P16,6,1260.0
2026-07-07,S04,P16,5,1050.0
2026-07-08,S04,P16,7,1470.0
2026-07-09,S04,P16,5,1050.0
2026-07-10,S04,P16,5,1050.0
2026-07-11,S04,P16,7,1470.0
2026-07-12,S04,P16,6,1260.0
2026-07-13,S04,P16,7,1470.0
2026-07-14,S04,P16,5,1050.0
2026-07-15,S04,P16,6,1260.0
2026-07-16,S04,P16,6,1260.0
2026-07-17,S04,P16,7,1470.0
2026-07-18,S04,P16,8,1680.0
2026-07-19,S04,P16,7,1470.0
2026-07-20,S04,P16,8,1680.0
2026-07-21,S04,P16,7,1470.0
2026-07-22,S04,P16,5,1050.0
2026-07-23,S04,P16,5,1050.0
2026-07-24,S04,P16,7,1470.0
2026-07-25,S04,P16,8,1680.0
2026-07-26,S04,P16,10,2100.0
2026-07-27,S04,P16,5,1050.0
2026-07-28,S04,P16,6,1260.0
2026-07-29,S04,P16,4,840.0
2026-07-30,S04,P16,5,1050.0
2026-07-31,S04,P16,5,1050.0
2026-08-01,S04,P16,8,1680.0
2026-08-02,S04,P16,9,1890.0
2026-08-03,S04,P16,7,1470.0
2026-08-04,S04,P16,8,1680.0
2026-08-05,S04,P16,6,1260.0
2026-08-06,S04,P16,6,1260.0
2026-08-07,S04,P16,6,1260.0
2026-08-08,S04,P16,10,2100.0
2026-08-09,S04,P16,7,1470.0
2026-08-10,S04,P16,7,1470.0
2026-08-11,S04,P16,7,1470.0
2026-08-12,S04,P16,6,1260.0
2026-08-13,S04,P16,5,1050.0
2026-08-14,S04,P16,5,1050.0
2026-08-15,S04,P16,6,1260.0
2026-08-16,S04,P16,6,1260.0
2026-08-17,S04,P16,4,840.0
2026-08-18,S04,P16,8,1680.0
2026-08-19,S04,P16,7,1470.0
2026-08-20,S04,P16,5,1050.0
2026-08-21,S04,P16,7,1470.0
2026-08-22,S04,P16,9,1890.0
2026-08-23,S04,P16,7,1470.0
2026-08-24,S04,P16,6,1260.0
2026-08-25,S04,P16,7,1470.0
2026-08-26,S04,P16,5,1050.0
2026-08-27,S04,P16,5,1050.0
2026-08-28,S04,P16,6,1260.0
2026-06-15,S04,P17,6,1050.0
2026-06-16,S04,P17,10,1750.0
2026-06-17,S04,P17,9,1575.0
2026-06-18,S04,P17,8,1400.0
2026-06-19,S04,P17,8,1400.0
2026-06-20,S04,P17,7,1225.0
2026-06-21,S04,P17,10,1750.0
2026-06-22,S04,P17,7,1225.0
2026-06-23,S04,P17,7,1225.0
2026-06-24,S04,P17,10,1750.0
2026-06-25,S04,P17,7,1225.0
2026-06-26,S04,P17,7,1225.0
2026-06-27,S04,P17,8,1400.0
2026-06-28,S04,P17,13,2275.0
2026-06-29,S04,P17,8,1400.0
2026-06-30,S04,P17,8,1400.0
2026-07-01,S04,P17,8,1400.0
2026-07-02,S04,P17,8,1400.0
2026-07-03,S04,P17,9,1575.0
2026-07-04,S04,P17,14,2450.0
2026-07-05,S04,P17,8,1400.0
2026-07-06,S04,P17,8,1400.0
2026-07-07,S04,P17,8,1400.0
2026-07-08,S04,P17,9,1575.0
2026-07-09,S04,P17,10,1750.0
2026-07-10,S04,P17,10,1750.0
2026-07-11,S04,P17,13,2275.0
2026-07-12,S04,P17,9,1575.0
2026-07-13,S04,P17,6,1050.0
2026-07-14,S04,P17,6,1050.0
2026-07-15,S04,P17,8,1400.0
2026-07-16,S04,P17,8,1400.0
2026-07-17,S04,P17,7,1225.0
2026-07-18,S04,P17,11,1925.0
2026-07-19,S04,P17,13,2275.0
2026-07-20,S04,P17,6,1050.0
2026-07-21,S04,P17,9,1575.0
2026-07-22,S04,P17,9,1575.0
2026-07-23,S04,P17,8,1400.0
2026-07-24,S04,P17,8,1400.0
2026-07-25,S04,P17,8,1400.0
2026-07-26,S04,P17,12,2100.0
2026-07-27,S04,P17,8,1400.0
2026-07-28,S04,P17,8,1400.0
2026-07-29,S04,P17,8,1400.0
2026-07-30,S04,P17,8,1400.0
2026-07-31,S04,P17,9,1575.0
2026-08-01,S04,P17,13,2275.0
2026-08-02,S04,P17,13,2275.0
2026-08-03,S04,P17,9,1575.0
2026-08-04,S04,P17,8,1400.0
2026-08-05,S04,P17,10,1750.0
2026-08-06,S04,P17,9,1575.0
2026-08-07,S04,P17,7,1225.0
2026-08-08,S04,P17,10,1750.0
2026-08-09,S04,P17,13,2275.0
2026-08-10,S04,P17,9,1575.0
2026-08-11,S04,P17,7,1225.0
2026-08-12,S04,P17,8,1400.0
2026-08-13,S04,P17,10,1750.0
2026-08-14,S04,P17,6,1050.0
2026-08-15,S04,P17,9,1575.0
2026-08-16,S04,P17,12,2100.0
2026-08-17,S04,P17,6,1050.0
2026-08-18,S04,P17,8,1400.0
2026-08-19,S04,P17,6,1050.0
2026-08-20,S04,P17,6,1050.0
2026-08-21,S04,P17,8,1400.0
2026-08-22,S04,P17,12,2100.0
2026-08-23,S04,P17,13,2275.0
2026-08-24,S04,P17,8,1400.0
2026-08-25,S04,P17,7,1225.0
2026-08-26,S04,P17,8,1400.0
2026-08-27,S04,P17,10,1750.0
2026-08-28,S04,P17,7,1225.0
2026-06-15,S04,P18,4,500.0
2026-06-16,S04,P18,6,750.0
2026-06-17,S04,P18,5,625.0
2026-06-18,S04,P18,6,750.0
2026-06-19,S04,P18,5,625.0
2026-06-20,S04,P18,5,625.0
2026-06-21,S04,P18,5,625.0
2026-06-22,S04,P18,5,625.0
2026-06-23,S04,P18,5,625.0
2026-06-24,S04,P18,6,750.0
2026-06-25,S04,P18,6,750.0
2026-06-26,S04,P18,6,750.0
2026-06-27,S04,P18,8,1000.0
2026-06-28,S04,P18,7,875.0
2026-06-29,S04,P18,6,750.0
2026-06-30,S04,P18,6,750.0
2026-07-01,S04,P18,6,750.0
2026-07-02,S04,P18,5,625.0
2026-07-03,S04,P18,4,500.0
2026-07-04,S04,P18,5,625.0
2026-07-05,S04,P18,8,1000.0
2026-07-06,S04,P18,6,750.0
2026-07-07,S04,P18,6,750.0
2026-07-08,S04,P18,6,750.0
2026-07-09,S04,P18,6,750.0
2026-07-10,S04,P18,6,750.0
2026-07-11,S04,P18,7,875.0
2026-07-12,S04,P18,8,1000.0
2026-07-13,S04,P18,4,500.0
2026-07-14,S04,P18,5,625.0
2026-07-15,S04,P18,5,625.0
2026-07-16,S04,P18,4,500.0
2026-07-17,S04,P18,4,500.0
2026-07-18,S04,P18,5,625.0
2026-07-19,S04,P18,6,750.0
2026-07-20,S04,P18,6,750.0
2026-07-21,S04,P18,6,750.0
2026-07-22,S04,P18,6,750.0
2026-07-23,S04,P18,5,625.0
2026-07-24,S04,P18,6,750.0
2026-07-25,S04,P18,5,625.0
2026-07-26,S04,P18,6,750.0
2026-07-27,S04,P18,6,750.0
2026-07-28,S04,P18,4,500.0
2026-07-29,S04,P18,4,500.0
2026-07-30,S04,P18,6,750.0
2026-07-31,S04,P18,6,750.0
2026-08-01,S04,P18,5,625.0
2026-08-02,S04,P18,8,1000.0
2026-08-03,S04,P18,5,625.0
2026-08-04,S04,P18,4,500.0
2026-08-05,S04,P18,4,500.0
2026-08-06,S04,P18,4,500.0
2026-08-07,S04,P18,6,750.0
2026-08-08,S04,P18,6,750.0
2026-08-09,S04,P18,7,875.0
2026-08-10,S04,P18,4,500.0
2026-08-11,S04,P18,6,750.0
2026-08-12,S04,P18,5,625.0
2026-08-13,S04,P18,6,750.0
2026-08-14,S04,P18,4,500.0
2026-08-15,S04,P18,6,750.0
2026-08-16,S04,P18,8,1000.0
2026-08-17,S04,P18,6,750.0
2026-08-18,S04,P18,6,750.0
2026-08-19,S04,P18,5,625.0
2026-08-20,S04,P18,6,750.0
2026-08-21,S04,P18,6,750.0
2026-08-22,S04,P18,6,750.0
2026-08-23,S04,P18,8,1000.0
2026-08-24,S04,P18,6,750.0
2026-08-25,S04,P18,5,625.0
2026-08-26,S04,P18,4,500.0
2026-08-27,S04,P18,5,625.0
2026-08-28,S04,P18,5,625.0
2026-06-15,S04,P19,3,840.0
2026-06-16,S04,P19,5,1400.0
2026-06-17,S04,P19,4,1120.0
2026-06-18,S04,P19,4,1120.0
2026-06-19,S04,P19,5,1400.0
2026-06-20,S04,P19,4,1120.0
2026-06-21,S04,P19,6,1680.0
2026-06-22,S04,P19,5,1400.0
2026-06-23,S04,P19,4,1120.0
2026-06-24,S04,P19,4,1120.0
2026-06-25,S04,P19,4,1120.0
2026-06-26,S04,P19,4,1120.0
2026-06-27,S04,P19,6,1680.0
2026-06-28,S04,P19,5,1400.0
2026-06-29,S04,P19,4,1120.0
2026-06-30,S04,P19,5,1400.0
2026-07-01,S04,P19,5,1400.0
2026-07-02,S04,P19,3,840.0
2026-07-03,S04,P19,3,840.0
2026-07-04,S04,P19,5,1400.0
2026-07-05,S04,P19,7,1960.0
2026-07-06,S04,P19,4,1120.0
2026-07-07,S04,P19,4,1120.0
2026-07-08,S04,P19,3,840.0
2026-07-09,S04,P19,4,1120.0
2026-07-10,S04,P19,5,1400.0
2026-07-11,S04,P19,6,1680.0
2026-07-12,S04,P19,6,1680.0
2026-07-13,S04,P19,5,1400.0
2026-07-14,S04,P19,5,1400.0
2026-07-15,S04,P19,4,1120.0
2026-07-16,S04,P19,3,840.0
2026-07-17,S04,P19,4,1120.0
2026-07-18,S04,P19,4,1120.0
2026-07-19,S04,P19,5,1400.0
2026-07-20,S04,P19,5,1400.0
2026-07-21,S04,P19,5,1400.0
2026-07-22,S04,P19,3,840.0
2026-07-23,S04,P19,5,1400.0
2026-07-24,S04,P19,3,840.0
2026-07-25,S04,P19,4,1120.0
2026-07-26,S04,P19,5,1400.0
2026-07-27,S04,P19,4,1120.0
2026-07-28,S04,P19,5,1400.0
2026-07-29,S04,P19,3,840.0
2026-07-30,S04,P19,3,840.0
2026-07-31,S04,P19,5,1400.0
2026-08-01,S04,P19,5,1400.0
2026-08-02,S04,P19,4,1120.0
2026-08-03,S04,P19,5,1400.0
2026-08-04,S04,P19,5,1400.0
2026-08-05,S04,P19,5,1400.0
2026-08-06,S04,P19,3,840.0
2026-08-07,S04,P19,3,840.0
2026-08-08,S04,P19,5,1400.0
2026-08-09,S04,P19,6,1680.0
2026-08-10,S04,P19,4,1120.0
2026-08-11,S04,P19,3,840.0
2026-08-12,S04,P19,4,1120.0
2026-08-13,S04,P19,3,840.0
2026-08-14,S04,P19,4,1120.0
2026-08-15,S04,P19,6,1680.0
2026-08-16,S04,P19,5,1400.0
2026-08-17,S04,P19,5,1400.0
2026-08-18,S04,P19,5,1400.0
2026-08-19,S04,P19,5,1400.0
2026-08-20,S04,P19,4,1120.0
2026-08-21,S04,P19,5,1400.0
2026-08-22,S04,P19,6,1680.0
2026-08-23,S04,P19,5,1400.0
2026-08-24,S04,P19,4,1120.0
2026-08-25,S04,P19,4,1120.0
2026-08-26,S04,P19,3,840.0
2026-08-27,S04,P19,5,1400.0
2026-08-28,S04,P19,5,1400.0
2026-06-15,S04,P20,5,900.0
2026-06-16,S04,P20,4,720.0
2026-06-17,S04,P20,4,720.0
2026-06-18,S04,P20,5,900.0
2026-06-19,S04,P20,6,1080.0
2026-06-20,S04,P20,6,1080.0
2026-06-21,S04,P20,5,900.0
2026-06-22,S04,P20,6,1080.0
2026-06-23,S04,P20,6,1080.0
2026-06-24,S04,P20,4,720.0
2026-06-25,S04,P20,4,720.0
2026-06-26,S04,P20,6,1080.0
2026-06-27,S04,P20,6,1080.0
2026-06-28,S04,P20,6,1080.0
2026-06-29,S04,P20,5,900.0
2026-06-30,S04,P20,5,900.0
2026-07-01,S04,P20,5,900.0
2026-07-02,S04,P20,5,900.0
2026-07-03,S04,P20,5,900.0
2026-07-04,S04,P20,6,1080.0
2026-07-05,S04,P20,6,1080.0
2026-07-06,S04,P20,5,900.0
2026-07-07,S04,P20,5,900.0
2026-07-08,S04,P20,6,1080.0
2026-07-09,S04,P20,5,900.0
2026-07-10,S04,P20,6,1080.0
2026-07-11,S04,P20,8,1440.0
2026-07-12,S04,P20,5,900.0
2026-07-13,S04,P20,4,720.0
2026-07-14,S04,P20,6,1080.0
2026-07-15,S04,P20,4,720.0
2026-07-16,S04,P20,6,1080.0
2026-07-17,S04,P20,6,1080.0
2026-07-18,S04,P20,5,900.0
2026-07-19,S04,P20,5,900.0
2026-07-20,S04,P20,5,900.0
2026-07-21,S04,P20,6,1080.0
2026-07-22,S04,P20,6,1080.0
2026-07-23,S04,P20,5,900.0
2026-07-24,S04,P20,6,1080.0
2026-07-25,S04,P20,7,1260.0
2026-07-26,S04,P20,6,1080.0
2026-07-27,S04,P20,4,720.0
2026-07-28,S04,P20,5,900.0
2026-07-29,S04,P20,4,720.0
2026-07-30,S04,P20,4,720.0
2026-07-31,S04,P20,5,900.0
2026-08-01,S04,P20,8,1440.0
2026-08-02,S04,P20,6,1080.0
2026-08-03,S04,P20,5,900.0
2026-08-04,S04,P20,6,1080.0
2026-08-05,S04,P20,4,720.0
2026-08-06,S04,P20,5,900.0
2026-08-07,S04,P20,4,720.0
2026-08-08,S04,P20,8,1440.0
2026-08-09,S04,P20,8,1440.0
2026-08-10,S04,P20,4,720.0
2026-08-11,S04,P20,6,1080.0
2026-08-12,S04,P20,5,900.0
2026-08-13,S04,P20,4,720.0
2026-08-14,S04,P20,5,900.0
2026-08-15,S04,P20,8,1440.0
2026-08-16,S04,P20,6,1080.0
2026-08-17,S04,P20,5,900.0
2026-08-18,S04,P20,5,900.0
2026-08-19,S04,P20,6,1080.0
2026-08-20,S04,P20,6,1080.0
2026-08-21,S04,P20,5,900.0
2026-08-22,S04,P20,7,1260.0
2026-08-23,S04,P20,7,1260.0
2026-08-24,S04,P20,6,1080.0
2026-08-25,S04,P20,5,900.0
2026-08-26,S04,P20,5,900.0
2026-08-27,S04,P20,5,900.0
2026-08-28,S04,P20,5,900.0
2026-06-15,S04,P21,8,1160.0
2026-06-16,S04,P21,11,1595.0
2026-06-17,S04,P21,11,1595.0
2026-06-18,S04,P21,9,1305.0
2026-06-19,S04,P21,12,1740.0
2026-06-20,S04,P21,12,1740.0
2026-06-21,S04,P21,9,1305.0
2026-06-22,S04,P21,11,1595.0
2026-06-23,S04,P21,10,1450.0
2026-06-24,S04,P21,9,1305.0
2026-06-25,S04,P21,8,1160.0
2026-06-26,S04,P21,8,1160.0
2026-06-27,S04,P21,9,1305.0
2026-06-28,S04,P21,14,2030.0
2026-06-29,S04,P21,12,1740.0
2026-06-30,S04,P21,9,1305.0
2026-07-01,S04,P21,11,1595.0
2026-07-02,S04,P21,11,1595.0
2026-07-03,S04,P21,8,1160.0
2026-07-04,S04,P21,17,2465.0
2026-07-05,S04,P21,13,1885.0
2026-07-06,S04,P21,12,1740.0
2026-07-07,S04,P21,13,1885.0
2026-07-08,S04,P21,10,1450.0
2026-07-09,S04,P21,12,1740.0
2026-07-10,S04,P21,10,1450.0
2026-07-11,S04,P21,9,1305.0
2026-07-12,S04,P21,14,2030.0
2026-07-13,S04,P21,10,1450.0
2026-07-14,S04,P21,13,1885.0
2026-07-15,S04,P21,9,1305.0
2026-07-16,S04,P21,8,1160.0
2026-07-17,S04,P21,12,1740.0
2026-07-18,S04,P21,16,2320.0
2026-07-19,S04,P21,14,2030.0
2026-07-20,S04,P21,8,1160.0
2026-07-21,S04,P21,10,1450.0
2026-07-22,S04,P21,9,1305.0
2026-07-23,S04,P21,11,1595.0
2026-07-24,S04,P21,10,1450.0
2026-07-25,S04,P21,16,2320.0
2026-07-26,S04,P21,12,1740.0
2026-07-27,S04,P21,8,1160.0
2026-07-28,S04,P21,7,1015.0
2026-07-29,S04,P21,10,1450.0
2026-07-30,S04,P21,9,1305.0
2026-07-31,S04,P21,8,1160.0
2026-08-01,S04,P21,17,2465.0
2026-08-02,S04,P21,13,1885.0
2026-08-03,S04,P21,9,1305.0
2026-08-04,S04,P21,8,1160.0
2026-08-05,S04,P21,12,1740.0
2026-08-06,S04,P21,8,1160.0
2026-08-07,S04,P21,13,1885.0
2026-08-08,S04,P21,14,2030.0
2026-08-09,S04,P21,10,1450.0
2026-08-10,S04,P21,13,1885.0
2026-08-11,S04,P21,8,1160.0
2026-08-12,S04,P21,11,1595.0
2026-08-13,S04,P21,9,1305.0
2026-08-14,S04,P21,8,1160.0
2026-08-15,S04,P21,10,1450.0
2026-08-16,S04,P21,16,2320.0
2026-08-17,S04,P21,9,1305.0
2026-08-18,S04,P21,13,1885.0
2026-08-19,S04,P21,12,1740.0
2026-08-20,S04,P21,7,1015.0
2026-08-21,S04,P21,8,1160.0
2026-08-22,S04,P21,14,2030.0
2026-08-23,S04,P21,11,1595.0
2026-08-24,S04,P21,10,1450.0
2026-08-25,S04,P21,10,1450.0
2026-08-26,S04,P21,13,1885.0
2026-08-27,S04,P21,9,1305.0
2026-08-28,S04,P21,9,1305.0
2026-06-15,S04,P22,8,1760.0
2026-06-16,S04,P22,8,1760.0
2026-06-17,S04,P22,7,1540.0
2026-06-18,S04,P22,10,2200.0
2026-06-19,S04,P22,7,1540.0
2026-06-20,S04,P22,13,2860.0
2026-06-21,S04,P22,11,2420.0
2026-06-22,S04,P22,7,1540.0
2026-06-23,S04,P22,8,1760.0
2026-06-24,S04,P22,9,1980.0
2026-06-25,S04,P22,7,1540.0
2026-06-26,S04,P22,8,1760.0
2026-06-27,S04,P22,8,1760.0
2026-06-28,S04,P22,11,2420.0
2026-06-29,S04,P22,7,1540.0
2026-06-30,S04,P22,10,2200.0
2026-07-01,S04,P22,7,1540.0
2026-07-02,S04,P22,10,2200.0
2026-07-03,S04,P22,9,1980.0
2026-07-04,S04,P22,11,2420.0
2026-07-05,S04,P22,10,2200.0
2026-07-06,S04,P22,10,2200.0
2026-07-07,S04,P22,8,1760.0
2026-07-08,S04,P22,6,1320.0
2026-07-09,S04,P22,8,1760.0
2026-07-10,S04,P22,10,2200.0
2026-07-11,S04,P22,9,1980.0
2026-07-12,S04,P22,13,2860.0
2026-07-13,S04,P22,6,1320.0
2026-07-14,S04,P22,10,2200.0
2026-07-15,S04,P22,8,1760.0
2026-07-16,S04,P22,8,1760.0
2026-07-17,S04,P22,10,2200.0
2026-07-18,S04,P22,10,2200.0
2026-07-19,S04,P22,9,1980.0
2026-07-20,S04,P22,9,1980.0
2026-07-21,S04,P22,8,1760.0
2026-07-22,S04,P22,8,1760.0
2026-07-23,S04,P22,6,1320.0
2026-07-24,S04,P22,9,1980.0
2026-07-25,S04,P22,11,2420.0
2026-07-26,S04,P22,9,1980.0
2026-07-27,S04,P22,7,1540.0
2026-07-28,S04,P22,6,1320.0
2026-07-29,S04,P22,6,1320.0
2026-07-30,S04,P22,8,1760.0
2026-07-31,S04,P22,7,1540.0
2026-08-01,S04,P22,10,2200.0
2026-08-02,S04,P22,11,2420.0
2026-08-03,S04,P22,10,2200.0
2026-08-04,S04,P22,7,1540.0
2026-08-05,S04,P22,9,1980.0
2026-08-06,S04,P22,7,1540.0
2026-08-07,S04,P22,7,1540.0
2026-08-08,S04,P22,12,2640.0
2026-08-09,S04,P22,10,2200.0
2026-08-10,S04,P22,7,1540.0
2026-08-11,S04,P22,10,2200.0
2026-08-12,S04,P22,7,1540.0
2026-08-13,S04,P22,8,1760.0
2026-08-14,S04,P22,8,1760.0
2026-08-15,S04,P22,7,1540.0
2026-08-16,S04,P22,12,2640.0
2026-08-17,S04,P22,9,1980.0
2026-08-18,S04,P22,6,1320.0
2026-08-19,S04,P22,8,1760.0
2026-08-20,S04,P22,10,2200.0
2026-08-21,S04,P22,9,1980.0
2026-08-22,S04,P22,10,2200.0
2026-08-23,S04,P22,13,2860.0
2026-08-24,S04,P22,9,1980.0
2026-08-25,S04,P22,9,1980.0
2026-08-26,S04,P22,8,1760.0
2026-08-27,S04,P22,9,1980.0
2026-08-28,S04,P22,9,1980.0
2026-06-15,S04,P23,14,2240.0
2026-06-16,S04,P23,13,2080.0
2026-06-17,S04,P23,11,1760.0
2026-06-18,S04,P23,9,1440.0
2026-06-19,S04,P23,14,2240.0
2026-06-20,S04,P23,13,2080.0
2026-06-21,S04,P23,15,2400.0
2026-06-22,S04,P23,10,1600.0
2026-06-23,S04,P23,13,2080.0
2026-06-24,S04,P23,13,2080.0
2026-06-25,S04,P23,14,2240.0
2026-06-26,S04,P23,9,1440.0
2026-06-27,S04,P23,13,2080.0
2026-06-28,S04,P23,12,1920.0
2026-06-29,S04,P23,8,1280.0
2026-06-30,S04,P23,13,2080.0
2026-07-01,S04,P23,13,2080.0
2026-07-02,S04,P23,12,1920.0
2026-07-03,S04,P23,12,1920.0
2026-07-04,S04,P23,12,1920.0
2026-07-05,S04,P23,17,2720.0
2026-07-06,S04,P23,12,1920.0
2026-07-07,S04,P23,13,2080.0
2026-07-08,S04,P23,9,1440.0
2026-07-09,S04,P23,14,2240.0
2026-07-10,S04,P23,14,2240.0
2026-07-11,S04,P23,10,1600.0
2026-07-12,S04,P23,14,2240.0
2026-07-13,S04,P23,12,1920.0
2026-07-14,S04,P23,12,1920.0
2026-07-15,S04,P23,8,1280.0
2026-07-16,S04,P23,14,2240.0
2026-07-17,S04,P23,12,1920.0
2026-07-18,S04,P23,11,1760.0
2026-07-19,S04,P23,12,1920.0
2026-07-20,S04,P23,11,1760.0
2026-07-21,S04,P23,9,1440.0
2026-07-22,S04,P23,9,1440.0
2026-07-23,S04,P23,13,2080.0
2026-07-24,S04,P23,12,1920.0
2026-07-25,S04,P23,15,2400.0
2026-07-26,S04,P23,12,1920.0
2026-07-27,S04,P23,12,1920.0
2026-07-28,S04,P23,13,2080.0
2026-07-29,S04,P23,9,1440.0
2026-07-30,S04,P23,14,2240.0
2026-07-31,S04,P23,13,2080.0
2026-08-01,S04,P23,18,2880.0
2026-08-02,S04,P23,16,2560.0
2026-08-03,S04,P23,10,1600.0
2026-08-04,S04,P23,13,2080.0
2026-08-05,S04,P23,8,1280.0
2026-08-06,S04,P23,14,2240.0
2026-08-07,S04,P23,12,1920.0
2026-08-08,S04,P23,15,2400.0
2026-08-09,S04,P23,16,2560.0
2026-08-10,S04,P23,14,2240.0
2026-08-11,S04,P23,8,1280.0
2026-08-12,S04,P23,11,1760.0
2026-08-13,S04,P23,12,1920.0
2026-08-14,S04,P23,12,1920.0
2026-08-15,S04,P23,17,2720.0
2026-08-16,S04,P23,13,2080.0
2026-08-17,S04,P23,13,2080.0
2026-08-18,S04,P23,10,1600.0
2026-08-19,S04,P23,9,1440.0
2026-08-20,S04,P23,11,1760.0
2026-08-21,S04,P23,11,1760.0
2026-08-22,S04,P23,14,2240.0
2026-08-23,S04,P23,10,1600.0
2026-08-24,S04,P23,12,1920.0
2026-08-25,S04,P23,8,1280.0
2026-08-26,S04,P23,14,2240.0
2026-08-27,S04,P23,11,1760.0
2026-08-28,S04,P23,10,1600.0
2026-06-15,S04,P24,4,540.0
2026-06-16,S04,P24,6,810.0
2026-06-17,S04,P24,4,540.0
2026-06-18,S04,P24,7,945.0
2026-06-19,S04,P24,8,1080.0
2026-06-20,S04,P24,7,945.0
2026-06-21,S04,P24,6,810.0
2026-06-22,S04,P24,5,675.0
2026-06-23,S04,P24,5,675.0
2026-06-24,S04,P24,5,675.0
2026-06-25,S04,P24,6,810.0
2026-06-26,S04,P24,5,675.0
2026-06-27,S04,P24,8,1080.0
2026-06-28,S04,P24,9,1215.0
2026-06-29,S04,P24,6,810.0
2026-06-30,S04,P24,6,810.0
2026-07-01,S04,P24,5,675.0
2026-07-02,S04,P24,5,675.0
2026-07-03,S04,P24,5,675.0
2026-07-04,S04,P24,7,945.0
2026-07-05,S04,P24,7,945.0
2026-07-06,S04,P24,4,540.0
2026-07-07,S04,P24,5,675.0
2026-07-08,S04,P24,7,945.0
2026-07-09,S04,P24,8,1080.0
2026-07-10,S04,P24,7,945.0
2026-07-11,S04,P24,8,1080.0
2026-07-12,S04,P24,9,1215.0
2026-07-13,S04,P24,6,810.0
2026-07-14,S04,P24,6,810.0
2026-07-15,S04,P24,5,675.0
2026-07-16,S04,P24,4,540.0
2026-07-17,S04,P24,4,540.0
2026-07-18,S04,P24,7,945.0
2026-07-19,S04,P24,9,1215.0
2026-07-20,S04,P24,4,540.0
2026-07-21,S04,P24,5,675.0
2026-07-22,S04,P24,8,1080.0
2026-07-23,S04,P24,6,810.0
2026-07-24,S04,P24,5,675.0
2026-07-25,S04,P24,8,1080.0
2026-07-26,S04,P24,6,810.0
2026-07-27,S04,P24,7,945.0
2026-07-28,S04,P24,6,810.0
2026-07-29,S04,P24,5,675.0
2026-07-30,S04,P24,6,810.0
2026-07-31,S04,P24,5,675.0
2026-08-01,S04,P24,9,1215.0
2026-08-02,S04,P24,7,945.0
2026-08-03,S04,P24,6,810.0
2026-08-04,S04,P24,7,945.0
2026-08-05,S04,P24,4,540.0
2026-08-06,S04,P24,6,810.0
2026-08-07,S04,P24,7,945.0
2026-08-08,S04,P24,10,1350.0
2026-08-09,S04,P24,8,1080.0
2026-08-10,S04,P24,5,675.0
2026-08-11,S04,P24,8,1080.0
2026-08-12,S04,P24,7,945.0
2026-08-13,S04,P24,6,810.0
2026-08-14,S04,P24,5,675.0
2026-08-15,S04,P24,6,810.0
2026-08-16,S04,P24,6,810.0
2026-08-17,S04,P24,6,810.0
2026-08-18,S04,P24,4,540.0
2026-08-19,S04,P24,7,945.0
2026-08-20,S04,P24,5,675.0
2026-08-21,S04,P24,6,810.0
2026-08-22,S04,P24,8,1080.0
2026-08-23,S04,P24,7,945.0
2026-08-24,S04,P24,6,810.0
2026-08-25,S04,P24,7,945.0
2026-08-26,S04,P24,6,810.0
2026-08-27,S04,P24,5,675.0
2026-08-28,S04,P24,7,945.0
2026-06-15,S04,P25,6,1170.0
2026-06-16,S04,P25,6,1170.0
2026-06-17,S04,P25,7,1365.0
2026-06-18,S04,P25,5,975.0
2026-06-19,S04,P25,6,1170.0
2026-06-20,S04,P25,8,1560.0
2026-06-21,S04,P25,6,1170.0
2026-06-22,S04,P25,6,1170.0
2026-06-23,S04,P25,6,1170.0
2026-06-24,S04,P25,5,975.0
2026-06-25,S04,P25,8,1560.0
2026-06-26,S04,P25,6,1170.0
2026-06-27,S04,P25,9,1755.0
2026-06-28,S04,P25,6,1170.0
2026-06-29,S04,P25,5,975.0
2026-06-30,S04,P25,7,1365.0
2026-07-01,S04,P25,6,1170.0
2026-07-02,S04,P25,4,780.0
2026-07-03,S04,P25,5,975.0
2026-07-04,S04,P25,10,1950.0
2026-07-05,S04,P25,8,1560.0
2026-07-06,S04,P25,5,975.0
2026-07-07,S04,P25,4,780.0
2026-07-08,S04,P25,5,975.0
2026-07-09,S04,P25,6,1170.0
2026-07-10,S04,P25,7,1365.0
2026-07-11,S04,P25,8,1560.0
2026-07-12,S04,P25,9,1755.0
2026-07-13,S04,P25,7,1365.0
2026-07-14,S04,P25,6,1170.0
2026-07-15,S04,P25,5,975.0
2026-07-16,S04,P25,5,975.0
2026-07-17,S04,P25,5,975.0
2026-07-18,S04,P25,6,1170.0
2026-07-19,S04,P25,10,1950.0
2026-07-20,S04,P25,7,1365.0
2026-07-21,S04,P25,6,1170.0
2026-07-22,S04,P25,8,1560.0
2026-07-23,S04,P25,6,1170.0
2026-07-24,S04,P25,7,1365.0
2026-07-25,S04,P25,8,1560.0
2026-07-26,S04,P25,6,1170.0
2026-07-27,S04,P25,6,1170.0
2026-07-28,S04,P25,7,1365.0
2026-07-29,S04,P25,7,1365.0
2026-07-30,S04,P25,7,1365.0
2026-07-31,S04,P25,6,1170.0
2026-08-01,S04,P25,7,1365.0
2026-08-02,S04,P25,9,1755.0
2026-08-03,S04,P25,4,780.0
2026-08-04,S04,P25,4,780.0
2026-08-05,S04,P25,5,975.0
2026-08-06,S04,P25,6,1170.0
2026-08-07,S04,P25,5,975.0
2026-08-08,S04,P25,8,1560.0
2026-08-09,S04,P25,8,1560.0
2026-08-10,S04,P25,7,1365.0
2026-08-11,S04,P25,5,975.0
2026-08-12,S04,P25,8,1560.0
2026-08-13,S04,P25,5,975.0
2026-08-14,S04,P25,5,975.0
2026-08-15,S04,P25,6,1170.0
2026-08-16,S04,P25,7,1365.0
2026-08-17,S04,P25,5,975.0
2026-08-18,S04,P25,7,1365.0
2026-08-19,S04,P25,5,975.0
2026-08-20,S04,P25,5,975.0
2026-08-21,S04,P25,5,975.0
2026-08-22,S04,P25,7,1365.0
2026-08-23,S04,P25,6,1170.0
2026-08-24,S04,P25,7,1365.0
2026-08-25,S04,P25,5,975.0
2026-08-26,S04,P25,7,1365.0
2026-08-27,S04,P25,7,1365.0
2026-08-28,S04,P25,5,975.0
